曜日,層,行動,行為者率(％),行為者平均時間量(時間:分),全員平均時間量(時間:分),全員平均時間量の標準偏差(時間:分)
平日,男１０代,睡眠,98.9,7:40,7:35,1:24
平日,男２０代,睡眠,100.0,7:27,7:27,1:14
平日,男３０代,睡眠,99.5,7:23,7:21,1:44
平日,男４０代,睡眠,99.7,6:59,6:58,1:38
平日,男５０代,睡眠,99.4,6:56,6:54,1:32
平日,男６０代,睡眠,99.7,7:11,7:10,1:28
平日,男７０歳以上,睡眠,99.6,7:57,7:55,1:43
平日,女１０代,睡眠,100.0,7:33,7:33,1:32
平日,女２０代,睡眠,99.4,7:33,7:31,1:54
平日,女３０代,睡眠,99.6,7:19,7:17,1:34
平日,女４０代,睡眠,99.0,6:57,6:53,1:31
平日,女５０代,睡眠,99.2,6:39,6:36,1:22
平日,女６０代,睡眠,99.7,6:53,6:52,1:23
平日,女７０歳以上,睡眠,99.4,7:25,7:22,1:41
平日,男１０代,食事,98.9,1:14,1:13,0:36
平日,男２０代,食事,97.3,1:28,1:25,0:53
平日,男３０代,食事,97.3,1:27,1:25,0:46
平日,男４０代,食事,97.6,1:26,1:24,0:43
平日,男５０代,食事,98.5,1:32,1:31,0:47
平日,男６０代,食事,99.2,1:38,1:37,0:39
平日,男７０歳以上,食事,99.8,1:53,1:53,0:45
平日,女１０代,食事,100.0,1:19,1:19,0:36
平日,女２０代,食事,96.0,1:27,1:24,0:46
平日,女３０代,食事,98.0,1:33,1:32,0:40
平日,女４０代,食事,98.0,1:33,1:31,0:43
平日,女５０代,食事,99.5,1:35,1:35,0:42
平日,女６０代,食事,98.6,1:44,1:43,0:42
平日,女７０歳以上,食事,99.8,1:56,1:56,0:44
平日,男１０代,身のまわりの用事,99.5,1:05,1:05,0:31
平日,男２０代,身のまわりの用事,100.0,1:02,1:02,0:29
平日,男３０代,身のまわりの用事,98.9,1:14,1:13,0:58
平日,男４０代,身のまわりの用事,97.0,1:10,1:08,0:45
平日,男５０代,身のまわりの用事,95.9,1:07,1:04,0:33
平日,男６０代,身のまわりの用事,97.0,1:11,1:09,0:40
平日,男７０歳以上,身のまわりの用事,94.8,1:12,1:09,0:43
平日,女１０代,身のまわりの用事,100.0,1:15,1:15,0:33
平日,女２０代,身のまわりの用事,98.3,1:30,1:28,0:46
平日,女３０代,身のまわりの用事,98.0,1:21,1:19,0:45
平日,女４０代,身のまわりの用事,99.7,1:24,1:24,0:49
平日,女５０代,身のまわりの用事,97.9,1:30,1:28,0:49
平日,女６０代,身のまわりの用事,98.1,1:22,1:20,0:43
平日,女７０歳以上,身のまわりの用事,95.5,1:28,1:24,0:55
平日,男１０代,療養・静養,4.3,1:08,0:03,0:15
平日,男２０代,療養・静養,3.6,0:41,0:01,0:08
平日,男３０代,療養・静養,2.2,1:19,0:02,0:15
平日,男４０代,療養・静養,3.8,1:40,0:04,0:34
平日,男５０代,療養・静養,5.0,2:15,0:07,0:51
平日,男６０代,療養・静養,5.5,2:06,0:07,0:38
平日,男７０歳以上,療養・静養,15.1,3:42,0:33,2:12
平日,女１０代,療養・静養,4.9,2:41,0:08,0:44
平日,女２０代,療養・静養,4.5,1:32,0:04,0:22
平日,女３０代,療養・静養,8.8,1:48,0:09,0:36
平日,女４０代,療養・静養,4.9,2:35,0:08,0:55
平日,女５０代,療養・静養,4.6,1:12,0:03,0:17
平日,女６０代,療養・静養,7.3,3:14,0:14,1:33
平日,女７０歳以上,療養・静養,17.4,2:50,0:29,1:40
平日,男１０代,仕事関連,3.7,4:36,0:10,1:06
平日,男２０代,仕事関連,71.4,8:59,6:25,4:41
平日,男３０代,仕事関連,88.1,9:14,8:08,3:46
平日,男４０代,仕事関連,88.5,9:48,8:40,3:52
平日,男５０代,仕事関連,91.2,9:17,8:28,3:23
平日,男６０代,仕事関連,65.7,7:50,5:09,4:16
平日,男７０歳以上,仕事関連,30.3,6:08,1:52,3:12
平日,女１０代,仕事関連,7.3,6:04,0:27,1:46
平日,女２０代,仕事関連,67.6,7:43,5:13,4:05
平日,女３０代,仕事関連,61.0,7:55,4:50,4:12
平日,女４０代,仕事関連,64.8,7:20,4:45,3:59
平日,女５０代,仕事関連,70.5,6:55,4:53,3:45
平日,女６０代,仕事関連,40.9,6:08,2:30,3:25
平日,女７０歳以上,仕事関連,17.4,5:05,0:53,2:16
平日,男１０代,仕事,1.6,3:55,0:04,0:30
平日,男２０代,仕事,69.6,9:03,6:18,4:40
平日,男３０代,仕事,86.5,9:14,7:59,3:53
平日,男４０代,仕事,87.6,9:40,8:28,3:55
平日,男５０代,仕事,90.3,9:15,8:21,3:25
平日,男６０代,仕事,65.5,7:47,5:06,4:15
平日,男７０歳以上,仕事,30.3,5:57,1:48,3:08
平日,女１０代,仕事,6.1,6:02,0:22,1:38
平日,女２０代,仕事,67.0,7:42,5:10,4:04
平日,女３０代,仕事,60.2,7:56,4:46,4:12
平日,女４０代,仕事,64.2,7:20,4:42,3:58
平日,女５０代,仕事,69.4,6:55,4:48,3:45
平日,女６０代,仕事,40.7,6:06,2:29,3:24
平日,女７０歳以上,仕事,17.4,5:03,0:53,2:15
平日,男１０代,仕事のつきあい,2.1,5:08,0:07,0:59
平日,男２０代,仕事のつきあい,8.9,1:09,0:06,0:22
平日,男３０代,仕事のつきあい,4.9,3:12,0:09,1:04
平日,男４０代,仕事のつきあい,8.9,2:09,0:11,0:55
平日,男５０代,仕事のつきあい,4.4,2:43,0:07,0:48
平日,男６０代,仕事のつきあい,3.9,1:24,0:03,0:20
平日,男７０歳以上,仕事のつきあい,2.2,2:24,0:03,0:28
平日,女１０代,仕事のつきあい,1.2,6:15,0:05,0:41
平日,女２０代,仕事のつきあい,3.4,1:38,0:03,0:21
平日,女３０代,仕事のつきあい,2.8,2:13,0:04,0:36
平日,女４０代,仕事のつきあい,2.6,2:04,0:03,0:24
平日,女５０代,仕事のつきあい,2.4,3:03,0:04,0:51
平日,女６０代,仕事のつきあい,1.9,1:17,0:01,0:16
平日,女７０歳以上,仕事のつきあい,0.4,1:38,0:00,0:07
平日,男１０代,学業,96.3,9:09,8:48,2:55
平日,男２０代,学業,21.4,5:43,1:13,2:43
平日,男３０代,学業,1.1,2:00,0:01,0:13
平日,男４０代,学業,1.5,2:03,0:02,0:17
平日,男５０代,学業,0.3,1:00,0:00,0:03
平日,男６０代,学業,0.0,0:00,0:00,0:00
平日,男７０歳以上,学業,0.7,0:30,0:00,0:02
平日,女１０代,学業,95.7,9:16,8:52,3:08
平日,女２０代,学業,22.2,4:59,1:06,2:35
平日,女３０代,学業,3.6,2:57,0:06,0:46
平日,女４０代,学業,1.6,1:57,0:02,0:19
平日,女５０代,学業,1.1,1:00,0:01,0:07
平日,女６０代,学業,1.1,0:41,0:00,0:05
平日,女７０歳以上,学業,1.3,1:04,0:01,0:08
平日,男１０代,授業・学内の活動,94.7,7:26,7:03,2:41
平日,男２０代,授業・学内の活動,17.0,5:49,0:59,2:26
平日,男３０代,授業・学内の活動,0.0,0:00,0:00,0:00
平日,男４０代,授業・学内の活動,1.5,2:03,0:02,0:17
平日,男５０代,授業・学内の活動,0.0,0:00,0:00,0:00
平日,男６０代,授業・学内の活動,0.0,0:00,0:00,0:00
平日,男７０歳以上,授業・学内の活動,0.2,0:30,0:00,0:01
平日,女１０代,授業・学内の活動,93.9,7:23,6:56,2:33
平日,女２０代,授業・学内の活動,16.5,4:12,0:42,1:54
平日,女３０代,授業・学内の活動,1.6,3:56,0:04,0:37
平日,女４０代,授業・学内の活動,0.3,4:00,0:01,0:14
平日,女５０代,授業・学内の活動,0.0,0:00,0:00,0:00
平日,女６０代,授業・学内の活動,0.3,0:15,0:00,0:01
平日,女７０歳以上,授業・学内の活動,0.2,0:30,0:00,0:01
平日,男１０代,学校外の学習,73.8,2:25,1:47,1:54
平日,男２０代,学校外の学習,9.8,2:25,0:14,0:51
平日,男３０代,学校外の学習,1.1,2:00,0:01,0:13
平日,男４０代,学校外の学習,0.0,0:00,0:00,0:00
平日,男５０代,学校外の学習,0.3,1:00,0:00,0:03
平日,男６０代,学校外の学習,0.0,0:00,0:00,0:00
平日,男７０歳以上,学校外の学習,0.4,0:30,0:00,0:02
平日,女１０代,学校外の学習,73.2,2:39,1:57,2:26
平日,女２０代,学校外の学習,15.3,2:41,0:25,1:21
平日,女３０代,学校外の学習,2.8,2:06,0:04,0:27
平日,女４０代,学校外の学習,1.3,1:26,0:01,0:13
平日,女５０代,学校外の学習,1.1,1:00,0:01,0:07
平日,女６０代,学校外の学習,0.8,0:50,0:00,0:05
平日,女７０歳以上,学校外の学習,1.1,1:10,0:01,0:08
平日,男１０代,家事,13.4,0:40,0:05,0:20
平日,男２０代,家事,40.2,1:36,0:38,1:29
平日,男３０代,家事,49.7,1:50,0:55,1:41
平日,男４０代,家事,45.0,2:25,1:05,2:11
平日,男５０代,家事,40.1,1:18,0:31,1:03
平日,男６０代,家事,55.5,2:21,1:18,1:55
平日,男７０歳以上,家事,62.9,2:48,1:46,2:23
平日,女１０代,家事,19.5,0:50,0:10,0:27
平日,女２０代,家事,58.5,2:46,1:37,2:54
平日,女３０代,家事,86.9,6:10,5:22,4:57
平日,女４０代,家事,95.4,5:22,5:08,4:09
平日,女５０代,家事,97.6,4:20,4:14,3:04
平日,女６０代,家事,97.0,5:18,5:09,2:47
平日,女７０歳以上,家事,95.0,4:55,4:40,2:52
平日,男１０代,炊事・掃除・洗濯,6.4,0:21,0:01,0:06
平日,男２０代,炊事・掃除・洗濯,21.4,1:11,0:15,0:34
平日,男３０代,炊事・掃除・洗濯,31.9,1:03,0:20,0:43
平日,男４０代,炊事・掃除・洗濯,26.0,1:21,0:21,0:51
平日,男５０代,炊事・掃除・洗濯,22.7,0:55,0:12,0:31
平日,男６０代,炊事・掃除・洗濯,29.8,1:09,0:21,0:39
平日,男７０歳以上,炊事・掃除・洗濯,38.4,1:19,0:30,1:00
平日,女１０代,炊事・掃除・洗濯,12.2,0:38,0:05,0:14
平日,女２０代,炊事・掃除・洗濯,43.8,1:35,0:42,1:10
平日,女３０代,炊事・掃除・洗濯,74.5,2:30,1:52,1:59
平日,女４０代,炊事・掃除・洗濯,91.9,2:51,2:37,2:04
平日,女５０代,炊事・掃除・洗濯,94.4,2:49,2:40,1:53
平日,女６０代,炊事・掃除・洗濯,93.8,3:12,3:00,1:50
平日,女７０歳以上,炊事・掃除・洗濯,91.6,3:03,2:48,1:49
平日,男１０代,買い物,4.3,1:06,0:03,0:19
平日,男２０代,買い物,16.1,0:51,0:08,0:22
平日,男３０代,買い物,16.2,1:01,0:10,0:31
平日,男４０代,買い物,16.0,1:09,0:11,0:33
平日,男５０代,買い物,13.6,0:50,0:07,0:24
平日,男６０代,買い物,31.5,1:13,0:23,0:45
平日,男７０歳以上,買い物,37.3,1:20,0:30,0:48
平日,女１０代,買い物,5.5,0:58,0:03,0:19
平日,女２０代,買い物,22.2,1:27,0:19,0:53
平日,女３０代,買い物,41.8,1:01,0:25,0:41
平日,女４０代,買い物,52.8,1:03,0:33,0:47
平日,女５０代,買い物,57.6,1:04,0:37,0:49
平日,女６０代,買い物,60.4,1:12,0:44,0:54
平日,女７０歳以上,買い物,52.9,1:21,0:43,0:55
平日,男１０代,子どもの世話,0.0,0:00,0:00,0:00
平日,男２０代,子どもの世話,8.0,3:03,0:15,1:07
平日,男３０代,子どもの世話,16.2,1:54,0:18,0:58
平日,男４０代,子どもの世話,17.2,1:43,0:18,0:56
平日,男５０代,子どもの世話,5.0,1:35,0:05,0:24
平日,男６０代,子どもの世話,3.3,3:21,0:07,0:50
平日,男７０歳以上,子どもの世話,1.8,0:58,0:01,0:11
平日,女１０代,子どもの世話,0.0,0:00,0:00,0:00
平日,女２０代,子どもの世話,8.0,7:05,0:34,2:28
平日,女３０代,子どもの世話,54.2,6:10,3:20,4:30
平日,女４０代,子どもの世話,44.6,4:12,1:53,3:23
平日,女５０代,子どもの世話,11.5,2:18,0:16,1:36
平日,女６０代,子どもの世話,7.9,3:38,0:17,1:18
平日,女７０歳以上,子どもの世話,4.7,1:25,0:04,0:24
平日,男１０代,家庭雑事,3.7,0:30,0:01,0:06
平日,男２０代,家庭雑事,8.0,1:00,0:05,0:22
平日,男３０代,家庭雑事,8.6,1:28,0:08,0:37
平日,男４０代,家庭雑事,12.4,2:19,0:17,1:17
平日,男５０代,家庭雑事,11.8,1:06,0:08,0:36
平日,男６０代,家庭雑事,25.4,1:53,0:29,1:17
平日,男７０歳以上,家庭雑事,34.2,2:19,0:47,1:55
平日,女１０代,家庭雑事,6.7,0:30,0:02,0:09
平日,女２０代,家庭雑事,16.5,1:02,0:10,0:31
平日,女３０代,家庭雑事,32.3,1:39,0:32,1:22
平日,女４０代,家庭雑事,42.0,1:39,0:42,1:24
平日,女５０代,家庭雑事,46.9,1:51,0:52,1:21
平日,女６０代,家庭雑事,60.2,2:05,1:15,1:44
平日,女７０歳以上,家庭雑事,55.7,2:09,1:12,1:47
平日,男１０代,通勤,4.3,0:49,0:02,0:12
平日,男２０代,通勤,63.4,1:05,0:41,0:44
平日,男３０代,通勤,77.3,1:32,1:11,1:20
平日,男４０代,通勤,79.6,1:28,1:10,1:07
平日,男５０代,通勤,82.0,1:29,1:13,1:02
平日,男６０代,通勤,53.0,1:36,0:51,1:09
平日,男７０歳以上,通勤,16.4,1:10,0:12,0:34
平日,女１０代,通勤,6.7,0:42,0:03,0:11
平日,女２０代,通勤,60.2,1:27,0:52,1:04
平日,女３０代,通勤,49.8,1:14,0:37,0:51
平日,女４０代,通勤,58.3,1:19,0:46,0:56
平日,女５０代,通勤,59.8,1:08,0:41,0:55
平日,女６０代,通勤,32.0,1:06,0:21,0:41
平日,女７０歳以上,通勤,8.6,1:20,0:07,0:31
平日,男１０代,通学,92.0,1:07,1:01,0:47
平日,男２０代,通学,7.1,1:39,0:07,0:33
平日,男３０代,通学,0.0,0:00,0:00,0:00
平日,男４０代,通学,0.3,0:45,0:00,0:02
平日,男５０代,通学,2.1,0:54,0:01,0:09
平日,男６０代,通学,0.3,0:30,0:00,0:02
平日,男７０歳以上,通学,0.4,0:30,0:00,0:02
平日,女１０代,通学,88.4,1:05,0:58,0:46
平日,女２０代,通学,10.8,1:44,0:11,0:38
平日,女３０代,通学,3.6,1:00,0:02,0:14
平日,女４０代,通学,3.3,0:41,0:01,0:09
平日,女５０代,通学,1.9,0:43,0:01,0:07
平日,女６０代,通学,1.1,0:38,0:00,0:04
平日,女７０歳以上,通学,0.4,0:45,0:00,0:03
平日,男１０代,社会参加,0.0,0:00,0:00,0:00
平日,男２０代,社会参加,4.5,3:12,0:09,0:48
平日,男３０代,社会参加,3.8,2:47,0:06,0:39
平日,男４０代,社会参加,3.8,2:02,0:05,0:31
平日,男５０代,社会参加,1.8,1:20,0:01,0:15
平日,男６０代,社会参加,4.7,2:08,0:06,0:45
平日,男７０歳以上,社会参加,6.5,2:08,0:08,0:38
平日,女１０代,社会参加,0.6,1:30,0:01,0:07
平日,女２０代,社会参加,3.4,2:05,0:04,0:28
平日,女３０代,社会参加,3.2,1:09,0:02,0:18
平日,女４０代,社会参加,2.9,0:37,0:01,0:07
平日,女５０代,社会参加,5.6,1:01,0:03,0:18
平日,女６０代,社会参加,7.3,1:22,0:06,0:26
平日,女７０歳以上,社会参加,7.7,2:19,0:11,0:56
平日,男１０代,会話・交際,13.4,0:50,0:07,0:20
平日,男２０代,会話・交際,19.6,1:20,0:16,0:54
平日,男３０代,会話・交際,9.2,1:04,0:06,0:24
平日,男４０代,会話・交際,6.5,1:44,0:07,0:40
平日,男５０代,会話・交際,7.1,1:01,0:04,0:24
平日,男６０代,会話・交際,8.3,1:15,0:06,0:29
平日,男７０歳以上,会話・交際,9.7,1:47,0:10,0:43
平日,女１０代,会話・交際,26.8,0:58,0:15,0:39
平日,女２０代,会話・交際,22.7,1:56,0:26,1:11
平日,女３０代,会話・交際,15.1,0:53,0:08,0:25
平日,女４０代,会話・交際,20.2,0:56,0:11,0:35
平日,女５０代,会話・交際,19.8,1:05,0:13,0:40
平日,女６０代,会話・交際,22.2,1:11,0:16,0:43
平日,女７０歳以上,会話・交際,22.1,1:14,0:16,0:40
平日,男１０代,レジャー活動,87.7,3:08,2:44,2:45
平日,男２０代,レジャー活動,78.6,4:10,3:17,3:21
平日,男３０代,レジャー活動,62.7,3:19,2:05,2:58
平日,男４０代,レジャー活動,63.0,2:29,1:34,1:58
平日,男５０代,レジャー活動,52.8,2:27,1:18,2:15
平日,男６０代,レジャー活動,58.3,3:18,1:56,2:25
平日,男７０歳以上,レジャー活動,58.0,3:35,2:05,2:37
平日,女１０代,レジャー活動,78.0,2:15,1:45,1:40
平日,女２０代,レジャー活動,77.8,3:39,2:50,3:09
平日,女３０代,レジャー活動,74.9,3:06,2:20,2:34
平日,女４０代,レジャー活動,68.1,2:03,1:24,1:39
平日,女５０代,レジャー活動,62.7,2:20,1:28,2:08
平日,女６０代,レジャー活動,56.6,2:18,1:18,1:54
平日,女７０歳以上,レジャー活動,50.8,2:35,1:19,1:56
平日,男１０代,スポーツ,11.2,1:23,0:09,0:36
平日,男２０代,スポーツ,10.7,1:20,0:09,0:33
平日,男３０代,スポーツ,7.0,1:17,0:05,0:34
平日,男４０代,スポーツ,5.0,1:15,0:04,0:22
平日,男５０代,スポーツ,5.9,1:24,0:05,0:30
平日,男６０代,スポーツ,11.0,1:42,0:11,0:38
平日,男７０歳以上,スポーツ,17.8,2:23,0:25,1:12
平日,女１０代,スポーツ,10.4,1:05,0:07,0:26
平日,女２０代,スポーツ,1.7,1:10,0:01,0:10
平日,女３０代,スポーツ,5.6,0:51,0:03,0:15
平日,女４０代,スポーツ,5.9,1:11,0:04,0:22
平日,女５０代,スポーツ,7.0,1:10,0:05,0:22
平日,女６０代,スポーツ,10.0,1:41,0:10,0:45
平日,女７０歳以上,スポーツ,12.5,1:23,0:10,0:37
平日,男１０代,行楽・散策,3.7,2:04,0:05,0:33
平日,男２０代,行楽・散策,3.6,2:23,0:05,0:28
平日,男３０代,行楽・散策,5.4,2:06,0:07,0:38
平日,男４０代,行楽・散策,4.4,2:16,0:06,0:42
平日,男５０代,行楽・散策,5.3,2:32,0:08,0:57
平日,男６０代,行楽・散策,19.1,1:53,0:22,1:07
平日,男７０歳以上,行楽・散策,23.4,2:01,0:28,1:16
平日,女１０代,行楽・散策,1.2,4:45,0:03,0:33
平日,女２０代,行楽・散策,8.5,2:14,0:11,0:50
平日,女３０代,行楽・散策,13.9,2:24,0:20,1:18
平日,女４０代,行楽・散策,5.9,2:25,0:09,0:42
平日,女５０代,行楽・散策,9.7,2:07,0:12,1:06
平日,女６０代,行楽・散策,16.3,1:29,0:14,0:44
平日,女７０歳以上,行楽・散策,18.7,1:38,0:18,1:00
平日,男１０代,趣味・娯楽・教養（インターネット除く）,28.3,2:06,0:36,1:15
平日,男２０代,趣味・娯楽・教養（インターネット除く）,24.1,3:16,0:47,1:38
平日,男３０代,趣味・娯楽・教養（インターネット除く）,18.4,2:13,0:24,1:05
平日,男４０代,趣味・娯楽・教養（インターネット除く）,9.8,2:19,0:14,1:00
平日,男５０代,趣味・娯楽・教養（インターネット除く）,8.8,2:54,0:15,1:09
平日,男６０代,趣味・娯楽・教養（インターネット除く）,18.2,2:42,0:30,1:19
平日,男７０歳以上,趣味・娯楽・教養（インターネット除く）,21.8,2:20,0:31,1:12
平日,女１０代,趣味・娯楽・教養（インターネット除く）,28.0,1:43,0:29,1:01
平日,女２０代,趣味・娯楽・教養（インターネット除く）,14.2,2:26,0:21,1:04
平日,女３０代,趣味・娯楽・教養（インターネット除く）,15.1,1:40,0:15,0:44
平日,女４０代,趣味・娯楽・教養（インターネット除く）,8.8,1:54,0:10,0:41
平日,女５０代,趣味・娯楽・教養（インターネット除く）,12.3,1:53,0:14,0:52
平日,女６０代,趣味・娯楽・教養（インターネット除く）,20.1,2:06,0:25,1:06
平日,女７０歳以上,趣味・娯楽・教養（インターネット除く）,25.4,2:19,0:35,1:18
平日,男１０代,趣味・娯楽・教養のインターネット（動画除く）,47.6,2:25,1:09,1:55
平日,男２０代,趣味・娯楽・教養のインターネット（動画除く）,57.1,2:46,1:35,2:15
平日,男３０代,趣味・娯楽・教養のインターネット（動画除く）,41.1,2:27,1:00,2:14
平日,男４０代,趣味・娯楽・教養のインターネット（動画除く）,41.1,1:50,0:45,1:12
平日,男５０代,趣味・娯楽・教養のインターネット（動画除く）,36.6,1:52,0:41,1:30
平日,男６０代,趣味・娯楽・教養のインターネット（動画除く）,33.7,2:03,0:41,1:20
平日,男７０歳以上,趣味・娯楽・教養のインターネット（動画除く）,24.0,2:24,0:35,1:28
平日,女１０代,趣味・娯楽・教養のインターネット（動画除く）,46.3,1:40,0:46,1:08
平日,女２０代,趣味・娯楽・教養のインターネット（動画除く）,62.5,2:53,1:48,2:37
平日,女３０代,趣味・娯楽・教養のインターネット（動画除く）,64.1,2:09,1:23,1:57
平日,女４０代,趣味・娯楽・教養のインターネット（動画除く）,50.2,1:34,0:47,1:10
平日,女５０代,趣味・娯楽・教養のインターネット（動画除く）,45.3,1:31,0:41,1:13
平日,女６０代,趣味・娯楽・教養のインターネット（動画除く）,24.1,1:21,0:19,0:49
平日,女７０歳以上,趣味・娯楽・教養のインターネット（動画除く）,10.1,1:32,0:09,0:35
平日,男１０代,インターネット動画,48.1,2:06,1:01,1:35
平日,男２０代,インターネット動画,43.8,2:28,1:05,1:53
平日,男３０代,インターネット動画,34.1,2:45,0:56,2:01
平日,男４０代,インターネット動画,29.0,2:00,0:35,1:12
平日,男５０代,インターネット動画,15.6,1:28,0:14,0:48
平日,男６０代,インターネット動画,11.9,1:46,0:13,0:45
平日,男７０歳以上,インターネット動画,6.1,2:16,0:08,0:48
平日,女１０代,インターネット動画,36.6,1:36,0:35,1:04
平日,女２０代,インターネット動画,43.2,2:23,1:02,2:05
平日,女３０代,インターネット動画,29.5,1:48,0:32,1:07
平日,女４０代,インターネット動画,22.5,1:28,0:20,0:53
平日,女５０代,インターネット動画,15.3,1:54,0:17,0:56
平日,女６０代,インターネット動画,8.9,1:47,0:10,0:46
平日,女７０歳以上,インターネット動画,6.2,2:15,0:08,0:42
平日,男１０代,マスメディア接触,67.9,1:58,1:20,1:38
平日,男２０代,マスメディア接触,63.4,2:58,1:53,2:34
平日,男３０代,マスメディア接触,68.1,2:43,1:51,2:36
平日,男４０代,マスメディア接触,74.6,2:51,2:07,2:25
平日,男５０代,マスメディア接触,87.6,3:42,3:14,3:02
平日,男６０代,マスメディア接触,97.5,5:02,4:54,3:07
平日,男７０歳以上,マスメディア接触,97.5,6:50,6:40,3:26
平日,女１０代,マスメディア接触,75.6,2:08,1:37,1:43
平日,女２０代,マスメディア接触,70.5,3:17,2:18,2:49
平日,女３０代,マスメディア接触,84.1,3:00,2:32,2:25
平日,女４０代,マスメディア接触,84.4,3:54,3:17,3:07
平日,女５０代,マスメディア接触,90.6,4:31,4:05,3:08
平日,女６０代,マスメディア接触,96.2,5:43,5:30,3:27
平日,女７０歳以上,マスメディア接触,98.3,6:48,6:41,3:31
平日,男１０代,テレビ,54.0,1:36,0:52,1:25
平日,男２０代,テレビ,49.1,2:36,1:16,2:15
平日,男３０代,テレビ,50.8,2:14,1:08,1:51
平日,男４０代,テレビ,60.4,2:21,1:25,1:51
平日,男５０代,テレビ,82.6,2:59,2:28,2:28
平日,男６０代,テレビ,94.8,3:53,3:41,2:35
平日,男７０歳以上,テレビ,94.8,5:26,5:10,3:10
平日,女１０代,テレビ,50.0,1:46,0:53,1:18
平日,女２０代,テレビ,52.3,2:44,1:26,2:24
平日,女３０代,テレビ,71.7,2:33,1:50,2:05
平日,女４０代,テレビ,76.9,3:15,2:30,2:49
平日,女５０代,テレビ,83.4,3:33,2:57,2:38
平日,女６０代,テレビ,93.8,4:26,4:09,3:07
平日,女７０歳以上,テレビ,95.9,5:28,5:14,3:23
平日,男１０代,録画番組・ＤＶＤ,10.2,1:01,0:06,0:24
平日,男２０代,録画番組・ＤＶＤ,10.7,3:15,0:21,1:45
平日,男３０代,録画番組・ＤＶＤ,18.9,1:51,0:21,0:54
平日,男４０代,録画番組・ＤＶＤ,15.1,1:58,0:18,0:56
平日,男５０代,録画番組・ＤＶＤ,21.8,2:01,0:27,1:06
平日,男６０代,録画番組・ＤＶＤ,21.5,2:07,0:27,1:06
平日,男７０歳以上,録画番組・ＤＶＤ,17.3,2:26,0:25,1:11
平日,女１０代,録画番組・ＤＶＤ,20.7,1:11,0:15,0:37
平日,女２０代,録画番組・ＤＶＤ,17.6,1:47,0:19,0:53
平日,女３０代,録画番組・ＤＶＤ,25.9,1:47,0:28,0:59
平日,女４０代,録画番組・ＤＶＤ,23.5,1:31,0:21,0:47
平日,女５０代,録画番組・ＤＶＤ,27.6,1:48,0:30,1:02
平日,女６０代,録画番組・ＤＶＤ,29.3,2:11,0:38,1:26
平日,女７０歳以上,録画番組・ＤＶＤ,17.2,2:16,0:23,1:03
平日,男１０代,ラジオ,4.3,0:26,0:01,0:06
平日,男２０代,ラジオ,2.7,1:10,0:02,0:13
平日,男３０代,ラジオ,7.6,4:05,0:19,1:32
平日,男４０代,ラジオ,5.9,3:26,0:12,1:07
平日,男５０代,ラジオ,7.1,3:52,0:16,1:36
平日,男６０代,ラジオ,13.0,2:17,0:18,0:58
平日,男７０歳以上,ラジオ,17.3,2:24,0:25,1:20
平日,女１０代,ラジオ,2.4,0:15,0:00,0:02
平日,女２０代,ラジオ,1.1,0:30,0:00,0:03
平日,女３０代,ラジオ,2.8,1:00,0:02,0:11
平日,女４０代,ラジオ,7.2,1:18,0:06,0:24
平日,女５０代,ラジオ,11.0,2:56,0:19,1:20
平日,女６０代,ラジオ,10.3,3:32,0:22,1:27
平日,女７０歳以上,ラジオ,18.3,2:48,0:31,1:28
平日,男１０代,新聞,4.3,0:24,0:01,0:06
平日,男２０代,新聞,4.5,0:21,0:01,0:05
平日,男３０代,新聞,6.5,0:23,0:01,0:06
平日,男４０代,新聞,13.3,0:35,0:05,0:14
平日,男５０代,新聞,28.3,0:32,0:09,0:21
平日,男６０代,新聞,44.2,0:43,0:19,0:28
平日,男７０歳以上,新聞,64.5,1:07,0:43,0:56
平日,女１０代,新聞,0.0,0:00,0:00,0:00
平日,女２０代,新聞,0.6,0:15,0:00,0:01
平日,女３０代,新聞,4.4,0:27,0:01,0:07
平日,女４０代,新聞,15.6,0:28,0:04,0:12
平日,女５０代,新聞,30.3,0:33,0:10,0:20
平日,女６０代,新聞,43.1,0:43,0:18,0:30
平日,女７０歳以上,新聞,53.8,0:56,0:30,0:41
平日,男１０代,雑誌・マンガ・本,14.4,0:51,0:07,0:25
平日,男２０代,雑誌・マンガ・本,15.2,1:36,0:15,0:55
平日,男３０代,雑誌・マンガ・本,8.6,1:00,0:05,0:20
平日,男４０代,雑誌・マンガ・本,8.6,1:44,0:09,0:39
平日,男５０代,雑誌・マンガ・本,7.1,0:45,0:03,0:13
平日,男６０代,雑誌・マンガ・本,16.9,1:21,0:14,0:41
平日,男７０歳以上,雑誌・マンガ・本,14.2,1:36,0:14,0:43
平日,女１０代,雑誌・マンガ・本,14.6,0:38,0:06,0:17
平日,女２０代,雑誌・マンガ・本,12.5,2:30,0:19,1:10
平日,女３０代,雑誌・マンガ・本,12.7,1:19,0:10,0:36
平日,女４０代,雑誌・マンガ・本,11.1,1:19,0:09,0:30
平日,女５０代,雑誌・マンガ・本,12.6,0:59,0:07,0:28
平日,女６０代,雑誌・マンガ・本,17.1,0:55,0:09,0:26
平日,女７０歳以上,雑誌・マンガ・本,20.2,1:25,0:17,0:52
平日,男１０代,音楽,18.7,1:23,0:15,0:43
平日,男２０代,音楽,12.5,2:17,0:17,1:11
平日,男３０代,音楽,7.6,0:45,0:03,0:14
平日,男４０代,音楽,7.1,1:09,0:05,0:21
平日,男５０代,音楽,3.5,1:55,0:04,0:31
平日,男６０代,音楽,8.0,1:31,0:07,0:31
平日,男７０歳以上,音楽,7.0,1:43,0:07,0:34
平日,女１０代,音楽,31.7,1:27,0:28,0:56
平日,女２０代,音楽,19.3,2:14,0:26,1:11
平日,女３０代,音楽,11.2,1:36,0:11,0:42
平日,女４０代,音楽,11.1,1:47,0:12,0:55
平日,女５０代,音楽,11.8,1:26,0:10,0:39
平日,女６０代,音楽,9.2,1:32,0:08,0:37
平日,女７０歳以上,音楽,5.2,1:41,0:05,0:34
平日,男１０代,休息,23.0,1:13,0:17,0:57
平日,男２０代,休息,33.9,0:56,0:19,0:37
平日,男３０代,休息,31.9,1:15,0:24,0:54
平日,男４０代,休息,38.8,1:08,0:26,1:04
平日,男５０代,休息,46.0,1:05,0:30,0:59
平日,男６０代,休息,45.3,1:01,0:28,0:47
平日,男７０歳以上,休息,44.3,1:27,0:38,1:08
平日,女１０代,休息,23.2,1:01,0:14,0:35
平日,女２０代,休息,28.4,1:05,0:18,0:53
平日,女３０代,休息,37.8,0:54,0:21,0:41
平日,女４０代,休息,36.5,1:02,0:23,0:43
平日,女５０代,休息,41.6,0:57,0:24,0:45
平日,女６０代,休息,45.8,1:03,0:29,0:45
平日,女７０歳以上,休息,43.7,1:19,0:35,1:11
平日,男１０代,その他・不明,42.2,1:22,0:35,1:03
平日,男２０代,その他・不明,29.5,1:08,0:20,0:50
平日,男３０代,その他・不明,30.8,1:29,0:27,1:02
平日,男４０代,その他・不明,29.3,1:19,0:23,0:55
平日,男５０代,その他・不明,39.8,1:28,0:35,1:08
平日,男６０代,その他・不明,42.8,1:38,0:42,1:14
平日,男７０歳以上,その他・不明,48.8,1:54,0:55,1:22
平日,女１０代,その他・不明,37.2,1:40,0:37,1:07
平日,女２０代,その他・不明,35.8,1:30,0:32,1:01
平日,女３０代,その他・不明,32.3,1:18,0:25,0:57
平日,女４０代,その他・不明,40.7,1:49,0:44,1:23
平日,女５０代,その他・不明,45.3,1:46,0:48,1:22
平日,女６０代,その他・不明,42.0,1:38,0:41,1:15
平日,女７０歳以上,その他・不明,52.0,1:58,1:01,1:31
平日,男１０代,必需行動,100.0,9:51,9:51,1:36
平日,男２０代,必需行動,100.0,9:53,9:53,1:41
平日,男３０代,必需行動,100.0,9:59,9:59,2:27
平日,男４０代,必需行動,100.0,9:31,9:31,2:06
平日,男５０代,必需行動,100.0,9:32,9:32,1:59
平日,男６０代,必需行動,100.0,10:01,10:01,1:57
平日,男７０歳以上,必需行動,100.0,11:27,11:27,2:35
平日,女１０代,必需行動,100.0,10:11,10:11,1:50
平日,女２０代,必需行動,100.0,10:25,10:25,2:10
平日,女３０代,必需行動,100.0,10:14,10:14,2:03
平日,女４０代,必需行動,100.0,9:53,9:53,2:10
平日,女５０代,必需行動,100.0,9:40,9:40,1:41
平日,女６０代,必需行動,100.0,10:08,10:08,1:58
平日,女７０歳以上,必需行動,100.0,11:08,11:08,2:30
平日,男１０代,拘束行動,97.9,10:12,9:59,2:50
平日,男２０代,拘束行動,95.5,9:30,9:04,4:01
平日,男３０代,拘束行動,97.8,10:26,10:13,3:31
平日,男４０代,拘束行動,98.5,11:01,10:52,3:19
平日,男５０代,拘束行動,97.6,10:26,10:11,3:29
平日,男６０代,拘束行動,93.9,7:47,7:19,4:10
平日,男７０歳以上,拘束行動,80.0,4:48,3:51,3:35
平日,女１０代,拘束行動,99.4,10:24,10:20,2:42
平日,女２０代,拘束行動,97.7,9:04,8:52,3:29
平日,女３０代,拘束行動,99.2,10:20,10:15,3:18
平日,女４０代,拘束行動,99.3,10:12,10:08,3:22
平日,女５０代,拘束行動,100.0,9:30,9:30,3:04
平日,女６０代,拘束行動,97.6,7:55,7:43,3:21
平日,女７０歳以上,拘束行動,95.3,5:40,5:24,3:07
平日,男１０代,自由行動,97.3,3:42,3:36,2:44
平日,男２０代,自由行動,96.4,4:53,4:43,3:41
平日,男３０代,自由行動,88.6,3:47,3:21,2:56
平日,男４０代,自由行動,92.6,3:29,3:14,2:44
平日,男５０代,自由行動,93.8,3:56,3:42,2:49
平日,男６０代,自由行動,98.3,6:05,5:59,3:49
平日,男７０歳以上,自由行動,98.0,7:57,7:47,3:43
平日,女１０代,自由行動,97.0,2:56,2:51,1:59
平日,女２０代,自由行動,93.8,4:28,4:11,3:09
平日,女３０代,自由行動,92.0,3:21,3:05,2:27
平日,女４０代,自由行動,88.6,3:40,3:15,2:40
平日,女５０代,自由行動,95.7,4:13,4:02,2:51
平日,女６０代,自由行動,97.8,5:35,5:28,2:58
平日,女７０歳以上,自由行動,98.5,6:32,6:27,2:50
平日,男１０代,在宅,98.4,13:45,13:32,3:53
平日,男２０代,在宅,92.9,14:14,13:13,6:15
平日,男３０代,在宅,96.2,13:33,13:02,5:13
平日,男４０代,在宅,96.7,12:48,12:23,4:56
平日,男５０代,在宅,92.3,12:28,11:31,5:39
平日,男６０代,在宅,96.7,15:23,14:52,5:48
平日,男７０歳以上,在宅,96.6,18:25,17:48,5:46
平日,女１０代,在宅,96.3,13:14,12:45,3:58
平日,女２０代,在宅,93.8,14:57,14:01,6:10
平日,女３０代,在宅,94.4,16:05,15:12,6:23
平日,女４０代,在宅,95.4,16:12,15:28,5:56
平日,女５０代,在宅,95.2,16:05,15:18,5:47
平日,女６０代,在宅,93.0,18:08,16:51,6:37
平日,女７０歳以上,在宅,93.8,19:46,18:33,6:27
平日,男１０代,起床在宅,97.9,6:21,6:13,3:13
平日,男２０代,起床在宅,91.1,7:05,6:27,4:52
平日,男３０代,起床在宅,95.1,6:23,6:04,4:13
平日,男４０代,起床在宅,95.6,6:02,5:46,4:10
平日,男５０代,起床在宅,92.0,5:55,5:27,4:11
平日,男６０代,起床在宅,95.3,8:35,8:11,4:44
平日,男７０歳以上,起床在宅,95.7,10:56,10:28,4:34
平日,女１０代,起床在宅,95.1,6:06,5:48,2:55
平日,女２０代,起床在宅,92.0,7:45,7:08,4:29
平日,女３０代,起床在宅,93.2,9:15,8:37,5:01
平日,女４０代,起床在宅,95.1,9:36,9:08,4:57
平日,女５０代,起床在宅,94.4,9:42,9:09,4:44
平日,女６０代,起床在宅,91.9,11:32,10:36,5:04
平日,女７０歳以上,起床在宅,93.1,12:49,11:56,4:48
平日,男１０代,テレビ（自宅内）,50.8,1:29,0:45,1:15
平日,男２０代,テレビ（自宅内）,46.4,2:31,1:10,2:11
平日,男３０代,テレビ（自宅内）,46.5,2:10,1:01,1:45
平日,男４０代,テレビ（自宅内）,56.5,2:16,1:17,1:49
平日,男５０代,テレビ（自宅内）,71.7,2:54,2:05,2:25
平日,男６０代,テレビ（自宅内）,86.2,3:47,3:15,2:42
平日,男７０歳以上,テレビ（自宅内）,89.4,5:18,4:44,3:17
平日,女１０代,テレビ（自宅内）,45.1,1:44,0:47,1:14
平日,女２０代,テレビ（自宅内）,48.3,2:49,1:21,2:24
平日,女３０代,テレビ（自宅内）,65.3,2:32,1:39,2:02
平日,女４０代,テレビ（自宅内）,70.4,3:19,2:20,2:49
平日,女５０代,テレビ（自宅内）,75.3,3:23,2:33,2:29
平日,女６０代,テレビ（自宅内）,86.7,4:15,3:41,3:06
平日,女７０歳以上,テレビ（自宅内）,87.5,5:21,4:41,3:31
平日,男１０代,テレビ（自宅外）,5.9,1:48,0:06,0:46
平日,男２０代,テレビ（自宅外）,5.4,1:55,0:06,0:32
平日,男３０代,テレビ（自宅外）,10.8,1:11,0:08,0:31
平日,男４０代,テレビ（自宅外）,10.4,1:20,0:08,0:31
平日,男５０代,テレビ（自宅外）,21.2,1:50,0:23,0:58
平日,男６０代,テレビ（自宅外）,19.3,2:12,0:26,1:09
平日,男７０歳以上,テレビ（自宅外）,19.6,2:09,0:25,1:17
平日,女１０代,テレビ（自宅外）,9.8,1:02,0:06,0:24
平日,女２０代,テレビ（自宅外）,7.4,0:58,0:04,0:18
平日,女３０代,テレビ（自宅外）,12.4,1:24,0:10,0:37
平日,女４０代,テレビ（自宅外）,13.4,1:16,0:10,0:35
平日,女５０代,テレビ（自宅外）,18.0,2:16,0:24,1:16
平日,女６０代,テレビ（自宅外）,17.3,2:43,0:28,1:34
平日,女７０歳以上,テレビ（自宅外）,18.3,3:02,0:33,1:37
平日,男１０代,テレビ（ながら）,32.6,1:24,0:27,1:15
平日,男２０代,テレビ（ながら）,35.7,1:53,0:40,2:01
平日,男３０代,テレビ（ながら）,34.1,1:37,0:33,1:24
平日,男４０代,テレビ（ながら）,38.5,1:26,0:33,0:58
平日,男５０代,テレビ（ながら）,56.6,1:46,1:00,1:34
平日,男６０代,テレビ（ながら）,68.5,1:41,1:09,1:21
平日,男７０歳以上,テレビ（ながら）,70.1,2:05,1:28,1:34
平日,女１０代,テレビ（ながら）,35.4,1:20,0:28,0:53
平日,女２０代,テレビ（ながら）,39.2,1:43,0:41,1:15
平日,女３０代,テレビ（ながら）,59.8,2:07,1:16,1:44
平日,女４０代,テレビ（ながら）,60.6,2:18,1:24,2:04
平日,女５０代,テレビ（ながら）,66.0,2:11,1:27,1:51
平日,女６０代,テレビ（ながら）,70.2,2:21,1:39,1:55
平日,女７０歳以上,テレビ（ながら）,74.4,2:43,2:01,2:10
平日,男１０代,テレビ（専　念）,39.0,1:02,0:24,0:42
平日,男２０代,テレビ（専　念）,33.9,1:47,0:36,0:59
平日,男３０代,テレビ（専　念）,36.2,1:37,0:35,1:07
平日,男４０代,テレビ（専　念）,48.5,1:47,0:52,1:22
平日,男５０代,テレビ（専　念）,69.9,2:06,1:28,1:41
平日,男６０代,テレビ（専　念）,89.0,2:50,2:31,2:02
平日,男７０歳以上,テレビ（専　念）,90.3,4:06,3:42,2:46
平日,女１０代,テレビ（専　念）,34.1,1:13,0:25,0:43
平日,女２０代,テレビ（専　念）,35.8,2:06,0:45,1:37
平日,女３０代,テレビ（専　念）,39.8,1:25,0:34,1:00
平日,女４０代,テレビ（専　念）,58.3,1:54,1:06,1:29
平日,女５０代,テレビ（専　念）,71.8,2:06,1:31,1:35
平日,女６０代,テレビ（専　念）,86.7,2:54,2:30,2:16
平日,女７０歳以上,テレビ（専　念）,90.7,3:33,3:13,2:28
土曜日,男１０代,睡眠,100.0,8:50,8:50,1:52
土曜日,男２０代,睡眠,98.8,8:20,8:14,2:19
土曜日,男３０代,睡眠,100.0,8:10,8:10,1:40
土曜日,男４０代,睡眠,99.4,7:37,7:34,2:01
土曜日,男５０代,睡眠,98.6,7:32,7:26,1:56
土曜日,男６０代,睡眠,98.8,7:35,7:30,1:49
土曜日,男７０歳以上,睡眠,99.5,8:07,8:05,1:47
土曜日,女１０代,睡眠,100.0,8:46,8:46,1:40
土曜日,女２０代,睡眠,100.0,8:27,8:27,2:25
土曜日,女３０代,睡眠,100.0,8:14,8:14,1:38
土曜日,女４０代,睡眠,97.6,7:42,7:31,2:00
土曜日,女５０代,睡眠,99.5,7:07,7:05,1:35
土曜日,女６０代,睡眠,99.5,7:18,7:15,1:48
土曜日,女７０歳以上,睡眠,98.5,7:43,7:36,2:01
土曜日,男１０代,食事,100.0,1:39,1:39,0:46
土曜日,男２０代,食事,100.0,1:38,1:38,0:58
土曜日,男３０代,食事,99.0,1:53,1:52,0:58
土曜日,男４０代,食事,99.4,1:36,1:35,0:49
土曜日,男５０代,食事,99.3,1:48,1:47,0:50
土曜日,男６０代,食事,100.0,1:53,1:53,0:51
土曜日,男７０歳以上,食事,100.0,1:53,1:53,0:40
土曜日,女１０代,食事,100.0,1:51,1:51,0:45
土曜日,女２０代,食事,95.0,1:41,1:36,0:58
土曜日,女３０代,食事,96.6,1:54,1:50,1:05
土曜日,女４０代,食事,99.4,1:49,1:48,0:48
土曜日,女５０代,食事,99.5,1:47,1:47,0:49
土曜日,女６０代,食事,100.0,1:46,1:46,0:47
土曜日,女７０歳以上,食事,99.2,1:58,1:58,0:45
土曜日,男１０代,身のまわりの用事,98.8,1:10,1:09,1:07
土曜日,男２０代,身のまわりの用事,100.0,1:10,1:10,1:11
土曜日,男３０代,身のまわりの用事,94.0,1:08,1:04,0:39
土曜日,男４０代,身のまわりの用事,98.8,1:07,1:06,0:45
土曜日,男５０代,身のまわりの用事,93.7,1:10,1:05,0:41
土曜日,男６０代,身のまわりの用事,94.6,1:15,1:11,0:48
土曜日,男７０歳以上,身のまわりの用事,95.2,1:16,1:12,0:53
土曜日,女１０代,身のまわりの用事,95.8,1:15,1:12,0:42
土曜日,女２０代,身のまわりの用事,96.3,1:31,1:27,0:45
土曜日,女３０代,身のまわりの用事,97.5,1:28,1:26,0:44
土曜日,女４０代,身のまわりの用事,100.0,1:23,1:23,0:40
土曜日,女５０代,身のまわりの用事,98.0,1:39,1:37,1:11
土曜日,女６０代,身のまわりの用事,97.3,1:29,1:26,1:25
土曜日,女７０歳以上,身のまわりの用事,97.3,1:27,1:25,1:00
土曜日,男１０代,療養・静養,3.5,0:35,0:01,0:07
土曜日,男２０代,療養・静養,1.2,2:00,0:01,0:13
土曜日,男３０代,療養・静養,4.0,1:38,0:04,0:21
土曜日,男４０代,療養・静養,1.9,1:10,0:01,0:11
土曜日,男５０代,療養・静養,7.7,3:48,0:18,2:04
土曜日,男６０代,療養・静養,3.6,4:13,0:09,1:17
土曜日,男７０歳以上,療養・静養,7.7,2:28,0:11,1:04
土曜日,女１０代,療養・静養,3.2,1:35,0:03,0:20
土曜日,女２０代,療養・静養,5.0,0:49,0:02,0:13
土曜日,女３０代,療養・静養,7.6,1:10,0:05,0:21
土曜日,女４０代,療養・静養,7.6,2:57,0:14,1:52
土曜日,女５０代,療養・静養,8.0,1:28,0:07,0:28
土曜日,女６０代,療養・静養,5.5,2:42,0:09,0:46
土曜日,女７０歳以上,療養・静養,8.1,2:54,0:14,1:35
土曜日,男１０代,仕事関連,4.7,7:56,0:22,1:44
土曜日,男２０代,仕事関連,38.6,7:53,3:02,4:17
土曜日,男３０代,仕事関連,34.0,7:54,2:41,4:24
土曜日,男４０代,仕事関連,51.2,8:01,4:07,4:45
土曜日,男５０代,仕事関連,47.2,7:54,3:44,4:34
土曜日,男６０代,仕事関連,33.1,6:48,2:15,3:37
土曜日,男７０歳以上,仕事関連,26.3,4:59,1:19,2:42
土曜日,女１０代,仕事関連,8.4,6:36,0:33,2:01
土曜日,女２０代,仕事関連,42.5,8:25,3:35,4:41
土曜日,女３０代,仕事関連,26.1,6:57,1:49,3:28
土曜日,女４０代,仕事関連,27.1,5:58,1:37,3:02
土曜日,女５０代,仕事関連,30.8,6:43,2:04,3:35
土曜日,女６０代,仕事関連,29.7,5:17,1:34,2:51
土曜日,女７０歳以上,仕事関連,14.6,3:50,0:34,1:39
土曜日,男１０代,仕事,4.7,7:26,0:21,1:40
土曜日,男２０代,仕事,38.6,7:51,3:02,4:17
土曜日,男３０代,仕事,33.0,7:40,2:32,4:17
土曜日,男４０代,仕事,51.2,7:54,4:03,4:39
土曜日,男５０代,仕事,47.2,7:47,3:41,4:30
土曜日,男６０代,仕事,31.9,6:54,2:12,3:36
土曜日,男７０歳以上,仕事,25.8,4:49,1:15,2:37
土曜日,女１０代,仕事,7.4,7:26,0:33,2:01
土曜日,女２０代,仕事,38.8,7:52,3:03,4:18
土曜日,女３０代,仕事,26.1,6:56,1:48,3:28
土曜日,女４０代,仕事,27.1,5:58,1:37,3:02
土曜日,女５０代,仕事,30.3,6:42,2:02,3:34
土曜日,女６０代,仕事,29.1,5:18,1:33,2:51
土曜日,女７０歳以上,仕事,14.2,3:46,0:32,1:36
土曜日,男１０代,仕事のつきあい,1.2,2:00,0:01,0:13
土曜日,男２０代,仕事のつきあい,1.2,1:00,0:01,0:07
土曜日,男３０代,仕事のつきあい,5.0,3:03,0:09,0:57
土曜日,男４０代,仕事のつきあい,3.1,2:06,0:04,0:27
土曜日,男５０代,仕事のつきあい,2.1,2:35,0:03,0:28
土曜日,男６０代,仕事のつきあい,2.4,2:08,0:03,0:22
土曜日,男７０歳以上,仕事のつきあい,2.9,2:18,0:04,0:28
土曜日,女１０代,仕事のつきあい,1.1,0:45,0:00,0:05
土曜日,女２０代,仕事のつきあい,8.8,6:04,0:32,2:15
土曜日,女３０代,仕事のつきあい,0.8,0:15,0:00,0:01
土曜日,女４０代,仕事のつきあい,0.0,0:00,0:00,0:00
土曜日,女５０代,仕事のつきあい,1.5,2:40,0:02,0:31
土曜日,女６０代,仕事のつきあい,1.6,1:25,0:01,0:12
土曜日,女７０歳以上,仕事のつきあい,1.2,2:00,0:01,0:13
土曜日,男１０代,学業,71.8,5:13,3:45,3:54
土曜日,男２０代,学業,18.1,5:56,1:04,2:44
土曜日,男３０代,学業,3.0,3:20,0:06,0:36
土曜日,男４０代,学業,0.6,2:45,0:01,0:13
土曜日,男５０代,学業,0.7,6:00,0:03,0:30
土曜日,男６０代,学業,0.6,0:15,0:00,0:01
土曜日,男７０歳以上,学業,0.5,1:15,0:00,0:05
土曜日,女１０代,学業,71.6,4:20,3:06,3:00
土曜日,女２０代,学業,7.5,5:55,0:27,1:47
土曜日,女３０代,学業,4.2,3:06,0:08,0:49
土曜日,女４０代,学業,4.1,2:00,0:05,0:28
土曜日,女５０代,学業,3.0,1:58,0:04,0:28
土曜日,女６０代,学業,0.5,0:15,0:00,0:01
土曜日,女７０歳以上,学業,2.3,0:58,0:01,0:10
土曜日,男１０代,授業・学内の活動,36.5,4:30,1:39,2:43
土曜日,男２０代,授業・学内の活動,7.2,5:15,0:23,1:34
土曜日,男３０代,授業・学内の活動,2.0,4:00,0:05,0:35
土曜日,男４０代,授業・学内の活動,0.6,2:45,0:01,0:13
土曜日,男５０代,授業・学内の活動,0.0,0:00,0:00,0:00
土曜日,男６０代,授業・学内の活動,0.0,0:00,0:00,0:00
土曜日,男７０歳以上,授業・学内の活動,0.5,1:15,0:00,0:05
土曜日,女１０代,授業・学内の活動,33.7,4:19,1:27,2:21
土曜日,女２０代,授業・学内の活動,5.0,5:00,0:15,1:17
土曜日,女３０代,授業・学内の活動,1.7,4:23,0:04,0:43
土曜日,女４０代,授業・学内の活動,1.2,2:00,0:01,0:14
土曜日,女５０代,授業・学内の活動,2.5,2:18,0:03,0:28
土曜日,女６０代,授業・学内の活動,0.0,0:00,0:00,0:00
土曜日,女７０歳以上,授業・学内の活動,1.2,0:40,0:00,0:05
土曜日,男１０代,学校外の学習,58.8,3:35,2:06,3:09
土曜日,男２０代,学校外の学習,14.5,4:51,0:42,2:10
土曜日,男３０代,学校外の学習,1.0,2:00,0:01,0:12
土曜日,男４０代,学校外の学習,0.0,0:00,0:00,0:00
土曜日,男５０代,学校外の学習,0.7,6:00,0:03,0:30
土曜日,男６０代,学校外の学習,0.6,0:15,0:00,0:01
土曜日,男７０歳以上,学校外の学習,0.0,0:00,0:00,0:00
土曜日,女１０代,学校外の学習,64.2,2:34,1:39,1:56
土曜日,女２０代,学校外の学習,5.0,3:53,0:12,1:02
土曜日,女３０代,学校外の学習,2.5,2:15,0:03,0:25
土曜日,女４０代,学校外の学習,2.9,2:00,0:04,0:24
土曜日,女５０代,学校外の学習,0.5,0:15,0:00,0:01
土曜日,女６０代,学校外の学習,0.5,0:15,0:00,0:01
土曜日,女７０歳以上,学校外の学習,1.5,0:56,0:01,0:09
土曜日,男１０代,家事,12.9,2:00,0:16,0:50
土曜日,男２０代,家事,48.2,2:22,1:08,2:08
土曜日,男３０代,家事,70.0,4:43,3:18,3:52
土曜日,男４０代,家事,62.3,3:30,2:11,3:03
土曜日,男５０代,家事,57.7,3:02,1:45,2:35
土曜日,男６０代,家事,74.7,2:40,1:59,2:08
土曜日,男７０歳以上,家事,64.1,2:31,1:37,1:59
土曜日,女１０代,家事,47.4,1:58,0:56,1:30
土曜日,女２０代,家事,60.0,3:26,2:04,3:13
土曜日,女３０代,家事,86.6,7:14,6:16,5:17
土曜日,女４０代,家事,95.9,6:15,5:59,4:30
土曜日,女５０代,家事,93.5,4:54,4:35,2:59
土曜日,女６０代,家事,97.8,5:21,5:14,3:02
土曜日,女７０歳以上,家事,93.1,4:29,4:10,2:49
土曜日,男１０代,炊事・掃除・洗濯,3.5,0:50,0:02,0:12
土曜日,男２０代,炊事・掃除・洗濯,27.7,1:44,0:29,1:17
土曜日,男３０代,炊事・掃除・洗濯,35.0,1:33,0:32,1:15
土曜日,男４０代,炊事・掃除・洗濯,35.8,1:08,0:24,0:45
土曜日,男５０代,炊事・掃除・洗濯,33.1,1:29,0:30,1:03
土曜日,男６０代,炊事・掃除・洗濯,38.6,1:29,0:34,0:57
土曜日,男７０歳以上,炊事・掃除・洗濯,39.2,1:25,0:33,0:56
土曜日,女１０代,炊事・掃除・洗濯,21.1,1:39,0:21,0:57
土曜日,女２０代,炊事・掃除・洗濯,40.0,1:45,0:42,1:05
土曜日,女３０代,炊事・掃除・洗濯,80.7,2:41,2:10,1:59
土曜日,女４０代,炊事・掃除・洗濯,89.4,2:49,2:31,2:03
土曜日,女５０代,炊事・掃除・洗濯,91.0,2:57,2:41,1:52
土曜日,女６０代,炊事・掃除・洗濯,95.6,3:09,3:00,1:45
土曜日,女７０歳以上,炊事・掃除・洗濯,90.4,2:46,2:30,1:41
土曜日,男１０代,買い物,7.1,2:18,0:10,0:43
土曜日,男２０代,買い物,27.7,1:32,0:25,0:56
土曜日,男３０代,買い物,44.0,2:06,0:56,1:34
土曜日,男４０代,買い物,43.2,2:05,0:54,1:41
土曜日,男５０代,買い物,39.4,1:55,0:45,1:27
土曜日,男６０代,買い物,48.8,1:26,0:42,1:02
土曜日,男７０歳以上,買い物,32.5,1:21,0:26,0:48
土曜日,女１０代,買い物,25.3,1:38,0:25,0:57
土曜日,女２０代,買い物,32.5,2:05,0:41,1:24
土曜日,女３０代,買い物,54.6,1:29,0:49,1:07
土曜日,女４０代,買い物,60.0,1:48,1:05,1:33
土曜日,女５０代,買い物,61.7,1:32,0:57,1:10
土曜日,女６０代,買い物,58.8,1:25,0:50,1:01
土曜日,女７０歳以上,買い物,46.2,1:20,0:37,0:48
土曜日,男１０代,子どもの世話,1.2,1:45,0:01,0:11
土曜日,男２０代,子どもの世話,1.2,14:00,0:10,1:32
土曜日,男３０代,子どもの世話,41.0,4:33,1:52,3:14
土曜日,男４０代,子どもの世話,17.9,4:10,0:45,2:20
土曜日,男５０代,子どもの世話,9.2,2:12,0:12,0:44
土曜日,男６０代,子どもの世話,5.4,2:38,0:09,0:50
土曜日,男７０歳以上,子どもの世話,3.3,3:21,0:07,0:49
土曜日,女１０代,子どもの世話,2.1,3:30,0:04,0:30
土曜日,女２０代,子どもの世話,11.3,6:20,0:43,2:39
土曜日,女３０代,子どもの世話,57.1,6:54,3:57,5:12
土曜日,女４０代,子どもの世話,44.7,4:57,2:13,4:12
土曜日,女５０代,子どもの世話,12.4,2:05,0:16,1:03
土曜日,女６０代,子どもの世話,11.0,4:11,0:28,1:34
土曜日,女７０歳以上,子どもの世話,3.1,1:34,0:03,0:19
土曜日,男１０代,家庭雑事,2.4,2:00,0:03,0:20
土曜日,男２０代,家庭雑事,8.4,2:02,0:10,0:38
土曜日,男３０代,家庭雑事,15.0,1:06,0:10,0:30
土曜日,男４０代,家庭雑事,18.5,1:28,0:16,0:45
土曜日,男５０代,家庭雑事,21.8,1:25,0:18,0:55
土曜日,男６０代,家庭雑事,34.3,1:42,0:35,1:07
土曜日,男７０歳以上,家庭雑事,30.6,1:44,0:32,1:05
土曜日,女１０代,家庭雑事,13.7,1:03,0:09,0:29
土曜日,女２０代,家庭雑事,16.3,1:00,0:10,0:34
土曜日,女３０代,家庭雑事,34.5,1:36,0:33,1:15
土曜日,女４０代,家庭雑事,42.4,2:03,0:52,1:47
土曜日,女５０代,家庭雑事,48.8,1:44,0:51,1:17
土曜日,女６０代,家庭雑事,57.1,2:03,1:10,1:54
土曜日,女７０歳以上,家庭雑事,52.7,2:06,1:06,1:50
土曜日,男１０代,通勤,5.9,0:42,0:02,0:11
土曜日,男２０代,通勤,32.5,1:17,0:25,0:45
土曜日,男３０代,通勤,28.0,1:35,0:27,1:02
土曜日,男４０代,通勤,40.7,1:29,0:36,1:03
土曜日,男５０代,通勤,33.8,1:12,0:24,0:42
土曜日,男６０代,通勤,25.3,1:27,0:22,0:56
土曜日,男７０歳以上,通勤,12.0,1:31,0:11,0:38
土曜日,女１０代,通勤,8.4,1:19,0:07,0:28
土曜日,女２０代,通勤,33.8,1:16,0:26,0:42
土曜日,女３０代,通勤,22.7,1:19,0:18,0:37
土曜日,女４０代,通勤,22.9,1:19,0:18,1:02
土曜日,女５０代,通勤,22.4,0:58,0:13,0:39
土曜日,女６０代,通勤,22.5,0:38,0:08,0:17
土曜日,女７０歳以上,通勤,7.7,1:23,0:06,0:35
土曜日,男１０代,通学,31.8,1:14,0:24,0:56
土曜日,男２０代,通学,4.8,1:49,0:05,0:30
土曜日,男３０代,通学,0.0,0:00,0:00,0:00
土曜日,男４０代,通学,1.2,0:45,0:01,0:05
土曜日,男５０代,通学,0.7,1:00,0:00,0:05
土曜日,男６０代,通学,1.2,0:53,0:01,0:07
土曜日,男７０歳以上,通学,0.5,0:15,0:00,0:01
土曜日,女１０代,通学,24.2,1:12,0:18,0:40
土曜日,女２０代,通学,5.0,1:45,0:05,0:30
土曜日,女３０代,通学,3.4,0:56,0:02,0:11
土曜日,女４０代,通学,1.2,0:53,0:01,0:07
土曜日,女５０代,通学,1.0,1:08,0:01,0:07
土曜日,女６０代,通学,0.0,0:00,0:00,0:00
土曜日,女７０歳以上,通学,0.0,0:00,0:00,0:00
土曜日,男１０代,社会参加,1.2,0:15,0:00,0:02
土曜日,男２０代,社会参加,2.4,0:38,0:01,0:07
土曜日,男３０代,社会参加,5.0,1:24,0:04,0:23
土曜日,男４０代,社会参加,3.1,0:42,0:01,0:10
土曜日,男５０代,社会参加,3.5,4:36,0:10,1:01
土曜日,男６０代,社会参加,2.4,2:56,0:04,0:31
土曜日,男７０歳以上,社会参加,12.0,1:47,0:13,0:43
土曜日,女１０代,社会参加,4.2,6:34,0:17,1:34
土曜日,女２０代,社会参加,3.8,0:40,0:02,0:09
土曜日,女３０代,社会参加,4.2,3:03,0:08,0:48
土曜日,女４０代,社会参加,5.3,1:57,0:06,0:38
土曜日,女５０代,社会参加,5.0,2:11,0:06,0:35
土曜日,女６０代,社会参加,7.7,1:19,0:06,0:28
土曜日,女７０歳以上,社会参加,7.3,2:18,0:10,0:47
土曜日,男１０代,会話・交際,17.6,2:57,0:31,1:34
土曜日,男２０代,会話・交際,15.7,2:00,0:19,0:50
土曜日,男３０代,会話・交際,17.0,0:57,0:10,0:27
土曜日,男４０代,会話・交際,8.6,2:01,0:10,1:08
土曜日,男５０代,会話・交際,9.9,2:53,0:17,1:16
土曜日,男６０代,会話・交際,10.2,2:07,0:13,0:53
土曜日,男７０歳以上,会話・交際,16.7,1:27,0:15,0:50
土曜日,女１０代,会話・交際,27.4,1:28,0:24,0:57
土曜日,女２０代,会話・交際,26.3,2:36,0:41,1:39
土曜日,女３０代,会話・交際,23.5,1:39,0:23,1:10
土曜日,女４０代,会話・交際,22.4,1:26,0:19,1:02
土曜日,女５０代,会話・交際,20.9,2:01,0:25,1:15
土曜日,女６０代,会話・交際,25.3,1:09,0:18,0:44
土曜日,女７０歳以上,会話・交際,23.1,1:37,0:22,0:58
土曜日,男１０代,レジャー活動,88.2,4:58,4:23,3:42
土曜日,男２０代,レジャー活動,89.2,6:09,5:29,4:05
土曜日,男３０代,レジャー活動,83.0,4:48,3:59,3:54
土曜日,男４０代,レジャー活動,77.2,4:51,3:44,3:33
土曜日,男５０代,レジャー活動,64.1,4:26,2:51,3:17
土曜日,男６０代,レジャー活動,62.0,3:41,2:17,2:45
土曜日,男７０歳以上,レジャー活動,56.9,2:51,1:37,2:24
土曜日,女１０代,レジャー活動,88.4,4:48,4:14,3:39
土曜日,女２０代,レジャー活動,80.0,4:46,3:49,4:01
土曜日,女３０代,レジャー活動,80.7,3:40,2:58,3:06
土曜日,女４０代,レジャー活動,70.0,3:12,2:15,2:36
土曜日,女５０代,レジャー活動,70.1,3:20,2:20,2:59
土曜日,女６０代,レジャー活動,52.7,2:23,1:15,1:45
土曜日,女７０歳以上,レジャー活動,49.6,2:17,1:08,1:36
土曜日,男１０代,スポーツ,14.1,2:40,0:23,1:17
土曜日,男２０代,スポーツ,4.8,1:34,0:05,0:27
土曜日,男３０代,スポーツ,9.0,1:58,0:11,0:36
土曜日,男４０代,スポーツ,6.8,1:56,0:08,0:36
土曜日,男５０代,スポーツ,6.3,2:08,0:08,0:37
土曜日,男６０代,スポーツ,11.4,2:09,0:15,0:51
土曜日,男７０歳以上,スポーツ,18.2,1:10,0:13,0:40
土曜日,女１０代,スポーツ,8.4,2:15,0:11,0:46
土曜日,女２０代,スポーツ,3.8,0:35,0:01,0:08
土曜日,女３０代,スポーツ,2.5,1:45,0:03,0:20
土曜日,女４０代,スポーツ,5.3,1:52,0:06,0:31
土曜日,女５０代,スポーツ,8.5,1:34,0:08,0:36
土曜日,女６０代,スポーツ,8.2,1:22,0:07,0:27
土曜日,女７０歳以上,スポーツ,14.2,1:24,0:12,0:40
土曜日,男１０代,行楽・散策,7.1,5:50,0:25,1:51
土曜日,男２０代,行楽・散策,20.5,3:46,0:46,2:11
土曜日,男３０代,行楽・散策,15.0,4:06,0:37,1:56
土曜日,男４０代,行楽・散策,9.3,4:23,0:24,1:40
土曜日,男５０代,行楽・散策,13.4,2:17,0:18,1:10
土曜日,男６０代,行楽・散策,16.9,2:05,0:21,1:03
土曜日,男７０歳以上,行楽・散策,19.1,2:01,0:23,1:27
土曜日,女１０代,行楽・散策,10.5,2:44,0:17,1:09
土曜日,女２０代,行楽・散策,8.8,2:47,0:15,0:54
土曜日,女３０代,行楽・散策,14.3,3:28,0:30,1:36
土曜日,女４０代,行楽・散策,12.9,3:26,0:27,1:35
土曜日,女５０代,行楽・散策,9.5,4:31,0:26,1:54
土曜日,女６０代,行楽・散策,10.4,1:26,0:09,0:35
土曜日,女７０歳以上,行楽・散策,16.2,1:05,0:11,0:30
土曜日,男１０代,趣味・娯楽・教養（インターネット除く）,38.8,3:23,1:19,2:21
土曜日,男２０代,趣味・娯楽・教養（インターネット除く）,34.9,4:15,1:29,2:36
土曜日,男３０代,趣味・娯楽・教養（インターネット除く）,23.0,3:44,0:51,2:00
土曜日,男４０代,趣味・娯楽・教養（インターネット除く）,27.8,4:10,1:09,2:25
土曜日,男５０代,趣味・娯楽・教養（インターネット除く）,21.8,3:56,0:51,2:11
土曜日,男６０代,趣味・娯楽・教養（インターネット除く）,20.5,3:08,0:38,1:37
土曜日,男７０歳以上,趣味・娯楽・教養（インターネット除く）,20.6,2:55,0:36,1:38
土曜日,女１０代,趣味・娯楽・教養（インターネット除く）,44.2,2:40,1:11,1:53
土曜日,女２０代,趣味・娯楽・教養（インターネット除く）,25.0,4:26,1:07,2:31
土曜日,女３０代,趣味・娯楽・教養（インターネット除く）,25.2,3:56,0:59,2:10
土曜日,女４０代,趣味・娯楽・教養（インターネット除く）,18.2,3:19,0:36,1:41
土曜日,女５０代,趣味・娯楽・教養（インターネット除く）,24.4,2:47,0:41,1:37
土曜日,女６０代,趣味・娯楽・教養（インターネット除く）,19.8,2:07,0:25,1:04
土曜日,女７０歳以上,趣味・娯楽・教養（インターネット除く）,26.9,1:55,0:31,1:04
土曜日,男１０代,趣味・娯楽・教養のインターネット（動画除く）,45.9,3:09,1:27,2:26
土曜日,男２０代,趣味・娯楽・教養のインターネット（動画除く）,50.6,3:33,1:48,2:54
土曜日,男３０代,趣味・娯楽・教養のインターネット（動画除く）,54.0,3:40,1:59,2:51
土曜日,男４０代,趣味・娯楽・教養のインターネット（動画除く）,49.4,3:00,1:29,2:11
土曜日,男５０代,趣味・娯楽・教養のインターネット（動画除く）,38.7,2:18,0:54,1:39
土曜日,男６０代,趣味・娯楽・教養のインターネット（動画除く）,31.9,2:34,0:49,1:40
土曜日,男７０歳以上,趣味・娯楽・教養のインターネット（動画除く）,17.7,1:49,0:19,0:53
土曜日,女１０代,趣味・娯楽・教養のインターネット（動画除く）,55.8,3:14,1:48,3:18
土曜日,女２０代,趣味・娯楽・教養のインターネット（動画除く）,62.5,2:58,1:51,2:32
土曜日,女３０代,趣味・娯楽・教養のインターネット（動画除く）,53.8,1:51,1:00,1:32
土曜日,女４０代,趣味・娯楽・教養のインターネット（動画除く）,50.6,1:41,0:51,1:11
土曜日,女５０代,趣味・娯楽・教養のインターネット（動画除く）,45.8,1:53,0:52,1:30
土曜日,女６０代,趣味・娯楽・教養のインターネット（動画除く）,29.7,1:41,0:30,1:00
土曜日,女７０歳以上,趣味・娯楽・教養のインターネット（動画除く）,12.3,1:38,0:12,0:42
土曜日,男１０代,インターネット動画,44.7,2:21,1:03,1:33
土曜日,男２０代,インターネット動画,48.2,3:31,1:42,2:46
土曜日,男３０代,インターネット動画,35.0,2:47,0:58,1:56
土曜日,男４０代,インターネット動画,34.0,2:19,0:47,1:32
土曜日,男５０代,インターネット動画,24.6,3:06,0:46,1:50
土曜日,男６０代,インターネット動画,15.7,1:57,0:18,0:55
土曜日,男７０歳以上,インターネット動画,4.8,2:50,0:08,0:44
土曜日,女１０代,インターネット動画,50.5,2:59,1:30,2:18
土曜日,女２０代,インターネット動画,30.0,2:38,0:47,1:43
土曜日,女３０代,インターネット動画,27.7,2:04,0:34,1:25
土曜日,女４０代,インターネット動画,21.8,1:35,0:21,0:53
土曜日,女５０代,インターネット動画,16.9,1:59,0:20,1:01
土曜日,女６０代,インターネット動画,8.2,1:28,0:07,0:27
土曜日,女７０歳以上,インターネット動画,3.1,1:32,0:03,0:17
土曜日,男１０代,マスメディア接触,76.5,3:31,2:41,2:39
土曜日,男２０代,マスメディア接触,54.2,3:16,1:46,2:21
土曜日,男３０代,マスメディア接触,77.0,4:14,3:15,3:13
土曜日,男４０代,マスメディア接触,80.2,4:32,3:38,3:27
土曜日,男５０代,マスメディア接触,88.7,5:40,5:02,3:57
土曜日,男６０代,マスメディア接触,96.4,6:56,6:41,3:45
土曜日,男７０歳以上,マスメディア接触,97.6,7:56,7:44,3:37
土曜日,女１０代,マスメディア接触,75.8,4:05,3:06,3:27
土曜日,女２０代,マスメディア接触,68.8,3:47,2:36,2:42
土曜日,女３０代,マスメディア接触,70.6,3:23,2:23,2:35
土曜日,女４０代,マスメディア接触,85.9,4:11,3:36,3:02
土曜日,女５０代,マスメディア接触,94.5,5:28,5:10,3:24
土曜日,女６０代,マスメディア接触,95.6,6:53,6:34,3:43
土曜日,女７０歳以上,マスメディア接触,97.7,7:27,7:17,4:02
土曜日,男１０代,テレビ,64.7,2:32,1:39,2:12
土曜日,男２０代,テレビ,41.0,2:23,0:58,1:45
土曜日,男３０代,テレビ,65.0,3:24,2:13,2:39
土曜日,男４０代,テレビ,70.4,3:34,2:30,2:53
土曜日,男５０代,テレビ,81.7,4:17,3:30,2:59
土曜日,男６０代,テレビ,94.0,5:35,5:15,3:48
土曜日,男７０歳以上,テレビ,95.2,6:13,5:55,3:28
土曜日,女１０代,テレビ,53.7,2:57,1:35,2:22
土曜日,女２０代,テレビ,46.3,2:57,1:22,1:58
土曜日,女３０代,テレビ,58.8,2:37,1:33,2:10
土曜日,女４０代,テレビ,70.6,3:29,2:28,2:47
土曜日,女５０代,テレビ,84.1,4:12,3:31,3:00
土曜日,女６０代,テレビ,93.4,5:19,4:58,3:22
土曜日,女７０歳以上,テレビ,92.7,5:53,5:27,3:48
土曜日,男１０代,録画番組・ＤＶＤ,16.5,1:57,0:19,0:55
土曜日,男２０代,録画番組・ＤＶＤ,7.2,1:23,0:06,0:24
土曜日,男３０代,録画番組・ＤＶＤ,26.0,2:21,0:37,1:19
土曜日,男４０代,録画番組・ＤＶＤ,25.3,2:20,0:36,1:23
土曜日,男５０代,録画番組・ＤＶＤ,24.6,2:52,0:42,1:37
土曜日,男６０代,録画番組・ＤＶＤ,28.9,2:48,0:49,1:54
土曜日,男７０歳以上,録画番組・ＤＶＤ,17.2,2:03,0:21,0:52
土曜日,女１０代,録画番組・ＤＶＤ,26.3,2:49,0:44,1:43
土曜日,女２０代,録画番組・ＤＶＤ,21.3,2:37,0:33,1:29
土曜日,女３０代,録画番組・ＤＶＤ,26.9,2:05,0:34,1:05
土曜日,女４０代,録画番組・ＤＶＤ,34.7,2:01,0:42,1:19
土曜日,女５０代,録画番組・ＤＶＤ,38.8,2:25,0:56,1:46
土曜日,女６０代,録画番組・ＤＶＤ,32.4,2:09,0:42,1:23
土曜日,女７０歳以上,録画番組・ＤＶＤ,17.3,2:27,0:26,1:09
土曜日,男１０代,ラジオ,2.4,5:15,0:07,1:05
土曜日,男２０代,ラジオ,2.4,4:45,0:07,0:51
土曜日,男３０代,ラジオ,4.0,3:30,0:08,1:07
土曜日,男４０代,ラジオ,5.6,2:42,0:09,0:54
土曜日,男５０代,ラジオ,13.4,3:10,0:25,1:36
土曜日,男６０代,ラジオ,12.0,2:26,0:18,0:56
土曜日,男７０歳以上,ラジオ,23.0,2:57,0:41,1:39
土曜日,女１０代,ラジオ,1.1,5:00,0:03,0:31
土曜日,女２０代,ラジオ,2.5,0:45,0:01,0:07
土曜日,女３０代,ラジオ,1.7,1:15,0:01,0:10
土曜日,女４０代,ラジオ,3.5,2:55,0:06,0:38
土曜日,女５０代,ラジオ,7.0,2:28,0:10,0:50
土曜日,女６０代,ラジオ,11.0,3:04,0:20,1:08
土曜日,女７０歳以上,ラジオ,20.8,3:05,0:38,1:53
土曜日,男１０代,新聞,2.4,0:23,0:01,0:04
土曜日,男２０代,新聞,2.4,0:30,0:01,0:05
土曜日,男３０代,新聞,6.0,0:38,0:02,0:10
土曜日,男４０代,新聞,8.0,0:55,0:04,0:24
土曜日,男５０代,新聞,25.4,0:40,0:10,0:24
土曜日,男６０代,新聞,48.8,0:44,0:21,0:34
土曜日,男７０歳以上,新聞,71.8,1:10,0:50,0:52
土曜日,女１０代,新聞,3.2,1:15,0:02,0:16
土曜日,女２０代,新聞,1.3,0:15,0:00,0:02
土曜日,女３０代,新聞,3.4,0:19,0:01,0:04
土曜日,女４０代,新聞,14.7,0:33,0:05,0:16
土曜日,女５０代,新聞,29.4,0:39,0:11,0:23
土曜日,女６０代,新聞,46.7,0:35,0:16,0:22
土曜日,女７０歳以上,新聞,68.1,0:58,0:40,0:45
土曜日,男１０代,雑誌・マンガ・本,17.6,1:31,0:16,0:42
土曜日,男２０代,雑誌・マンガ・本,10.8,1:42,0:11,0:37
土曜日,男３０代,雑誌・マンガ・本,16.0,2:26,0:23,1:07
土曜日,男４０代,雑誌・マンガ・本,16.0,1:50,0:18,0:53
土曜日,男５０代,雑誌・マンガ・本,8.5,1:36,0:08,0:41
土曜日,男６０代,雑誌・マンガ・本,16.9,1:39,0:17,0:51
土曜日,男７０歳以上,雑誌・マンガ・本,20.1,1:43,0:21,0:52
土曜日,女１０代,雑誌・マンガ・本,26.3,1:38,0:26,1:08
土曜日,女２０代,雑誌・マンガ・本,13.8,1:22,0:11,0:34
土曜日,女３０代,雑誌・マンガ・本,7.6,1:25,0:06,0:26
土曜日,女４０代,雑誌・マンガ・本,16.5,1:36,0:16,0:44
土曜日,女５０代,雑誌・マンガ・本,15.9,1:40,0:16,0:49
土曜日,女６０代,雑誌・マンガ・本,21.4,1:35,0:20,1:00
土曜日,女７０歳以上,雑誌・マンガ・本,20.4,1:26,0:18,0:47
土曜日,男１０代,音楽,21.2,1:57,0:25,1:04
土曜日,男２０代,音楽,15.7,2:39,0:25,1:25
土曜日,男３０代,音楽,11.0,2:38,0:17,1:17
土曜日,男４０代,音楽,8.0,1:47,0:09,0:51
土曜日,男５０代,音楽,10.6,2:40,0:17,1:19
土曜日,男６０代,音楽,9.6,1:50,0:11,0:44
土曜日,男７０歳以上,音楽,3.8,1:26,0:03,0:20
土曜日,女１０代,音楽,26.3,2:21,0:37,1:33
土曜日,女２０代,音楽,25.0,2:07,0:32,1:16
土曜日,女３０代,音楽,8.4,1:59,0:10,0:44
土曜日,女４０代,音楽,7.6,1:09,0:05,0:23
土曜日,女５０代,音楽,10.9,2:14,0:15,1:05
土曜日,女６０代,音楽,12.1,1:29,0:11,0:35
土曜日,女７０歳以上,音楽,8.1,1:43,0:08,0:35
土曜日,男１０代,休息,34.1,1:17,0:26,0:52
土曜日,男２０代,休息,26.5,1:13,0:19,0:46
土曜日,男３０代,休息,28.0,1:49,0:30,1:02
土曜日,男４０代,休息,30.2,1:08,0:20,0:38
土曜日,男５０代,休息,25.4,1:19,0:20,0:54
土曜日,男６０代,休息,44.6,1:14,0:33,0:57
土曜日,男７０歳以上,休息,45.9,1:32,0:42,1:10
土曜日,女１０代,休息,31.6,1:22,0:26,0:53
土曜日,女２０代,休息,26.3,1:13,0:19,0:40
土曜日,女３０代,休息,36.1,1:19,0:29,0:56
土曜日,女４０代,休息,31.8,1:06,0:21,0:55
土曜日,女５０代,休息,37.3,0:59,0:22,0:39
土曜日,女６０代,休息,41.2,1:14,0:30,1:02
土曜日,女７０歳以上,休息,52.3,1:49,0:57,1:59
土曜日,男１０代,その他・不明,44.7,1:28,0:40,1:17
土曜日,男２０代,その他・不明,37.3,1:13,0:27,0:58
土曜日,男３０代,その他・不明,29.0,1:17,0:22,0:47
土曜日,男４０代,その他・不明,37.7,1:31,0:34,1:07
土曜日,男５０代,その他・不明,42.3,1:51,0:47,1:18
土曜日,男６０代,その他・不明,42.8,1:52,0:48,1:28
土曜日,男７０歳以上,その他・不明,51.2,1:49,0:56,1:22
土曜日,女１０代,その他・不明,42.1,1:24,0:36,1:11
土曜日,女２０代,その他・不明,30.0,1:28,0:26,0:57
土曜日,女３０代,その他・不明,32.8,1:17,0:25,0:53
土曜日,女４０代,その他・不明,45.3,1:50,0:50,1:36
土曜日,女５０代,その他・不明,42.3,1:35,0:40,1:09
土曜日,女６０代,その他・不明,35.2,1:56,0:41,1:29
土曜日,女７０歳以上,その他・不明,57.7,2:00,1:09,1:35
土曜日,男１０代,必需行動,100.0,11:38,11:38,2:05
土曜日,男２０代,必需行動,100.0,11:01,11:01,2:15
土曜日,男３０代,必需行動,100.0,11:08,11:08,2:13
土曜日,男４０代,必需行動,100.0,10:13,10:13,2:20
土曜日,男５０代,必需行動,100.0,10:33,10:33,2:34
土曜日,男６０代,必需行動,100.0,10:41,10:41,2:09
土曜日,男７０歳以上,必需行動,100.0,11:18,11:18,2:20
土曜日,女１０代,必需行動,100.0,11:48,11:48,1:49
土曜日,女２０代,必需行動,100.0,11:28,11:28,2:39
土曜日,女３０代,必需行動,100.0,11:33,11:33,1:58
土曜日,女４０代,必需行動,100.0,10:52,10:52,2:30
土曜日,女５０代,必需行動,100.0,10:33,10:33,2:13
土曜日,女６０代,必需行動,100.0,10:34,10:34,2:22
土曜日,女７０歳以上,必需行動,100.0,11:09,11:09,2:28
土曜日,男１０代,拘束行動,83.5,5:40,4:44,4:08
土曜日,男２０代,拘束行動,84.3,6:43,5:40,4:48
土曜日,男３０代,拘束行動,90.0,7:01,6:19,4:33
土曜日,男４０代,拘束行動,88.9,7:40,6:49,4:37
土曜日,男５０代,拘束行動,85.2,7:06,6:03,4:41
土曜日,男６０代,拘束行動,88.6,5:12,4:37,3:52
土曜日,男７０歳以上,拘束行動,81.8,3:53,3:11,3:03
土曜日,女１０代,拘束行動,93.7,5:33,5:12,3:17
土曜日,女２０代,拘束行動,83.8,7:39,6:24,5:00
土曜日,女３０代,拘束行動,93.3,8:17,7:44,4:12
土曜日,女４０代,拘束行動,98.2,7:42,7:34,4:14
土曜日,女５０代,拘束行動,96.0,6:58,6:41,3:50
土曜日,女６０代,拘束行動,98.4,6:40,6:34,3:18
土曜日,女７０歳以上,拘束行動,94.6,4:49,4:34,3:03
土曜日,男１０代,自由行動,96.5,7:14,6:59,3:43
土曜日,男２０代,自由行動,95.2,7:13,6:52,4:08
土曜日,男３０代,自由行動,96.0,6:26,6:11,3:54
土曜日,男４０代,自由行動,95.1,6:43,6:24,4:08
土曜日,男５０代,自由行動,95.8,6:55,6:37,4:03
土曜日,男６０代,自由行動,97.6,8:06,7:54,3:35
土曜日,男７０歳以上,自由行動,99.0,8:41,8:36,3:26
土曜日,女１０代,自由行動,98.9,6:28,6:24,3:10
土曜日,女２０代,自由行動,90.0,6:19,5:41,4:14
土曜日,女３０代,自由行動,91.6,4:42,4:18,3:31
土曜日,女４０代,自由行動,95.3,4:58,4:44,3:14
土曜日,女５０代,自由行動,97.0,6:16,6:05,3:36
土曜日,女６０代,自由行動,98.4,6:17,6:11,3:10
土曜日,女７０歳以上,自由行動,98.5,7:15,7:08,3:16
土曜日,男１０代,在宅,95.3,18:23,17:31,5:42
土曜日,男２０代,在宅,91.6,16:21,14:58,7:04
土曜日,男３０代,在宅,92.0,17:26,16:03,6:51
土曜日,男４０代,在宅,93.8,16:05,15:05,6:34
土曜日,男５０代,在宅,93.7,16:34,15:31,6:42
土曜日,男６０代,在宅,97.6,18:28,18:02,5:38
土曜日,男７０歳以上,在宅,95.2,20:05,19:07,6:05
土曜日,女１０代,在宅,92.6,17:47,16:29,7:06
土曜日,女２０代,在宅,95.0,16:08,15:20,6:17
土曜日,女３０代,在宅,98.3,17:28,17:11,5:23
土曜日,女４０代,在宅,97.6,18:27,18:01,5:15
土曜日,女５０代,在宅,96.0,17:46,17:04,5:58
土曜日,女６０代,在宅,97.8,20:01,19:35,4:56
土曜日,女７０歳以上,在宅,92.3,20:53,19:17,6:56
土曜日,男１０代,起床在宅,94.1,9:46,9:11,4:22
土曜日,男２０代,起床在宅,90.4,8:25,7:36,5:19
土曜日,男３０代,起床在宅,92.0,9:19,8:34,5:00
土曜日,男４０代,起床在宅,93.8,8:42,8:10,4:57
土曜日,男５０代,起床在宅,93.0,9:15,8:36,5:05
土曜日,男６０代,起床在宅,97.6,11:06,10:50,4:47
土曜日,男７０歳以上,起床在宅,95.2,12:22,11:46,4:38
土曜日,女１０代,起床在宅,92.6,9:39,8:56,4:45
土曜日,女２０代,起床在宅,91.3,8:11,7:28,4:54
土曜日,女３０代,起床在宅,98.3,9:28,9:18,4:37
土曜日,女４０代,起床在宅,97.1,11:08,10:48,4:29
土曜日,女５０代,起床在宅,95.0,10:53,10:20,4:48
土曜日,女６０代,起床在宅,97.3,12:54,12:33,4:30
土曜日,女７０歳以上,起床在宅,92.3,13:31,12:28,5:05
土曜日,男１０代,テレビ（自宅内）,57.6,2:39,1:31,2:13
土曜日,男２０代,テレビ（自宅内）,32.5,2:32,0:49,1:43
土曜日,男３０代,テレビ（自宅内）,60.0,3:25,2:03,2:41
土曜日,男４０代,テレビ（自宅内）,64.2,3:27,2:13,2:48
土曜日,男５０代,テレビ（自宅内）,73.9,4:13,3:07,3:04
土曜日,男６０代,テレビ（自宅内）,88.6,5:29,4:52,3:55
土曜日,男７０歳以上,テレビ（自宅内）,88.0,6:09,5:25,3:43
土曜日,女１０代,テレビ（自宅内）,51.6,2:51,1:28,2:20
土曜日,女２０代,テレビ（自宅内）,43.8,2:56,1:17,1:56
土曜日,女３０代,テレビ（自宅内）,50.4,2:36,1:19,2:01
土曜日,女４０代,テレビ（自宅内）,65.3,3:30,2:17,2:47
土曜日,女５０代,テレビ（自宅内）,74.6,4:08,3:05,3:00
土曜日,女６０代,テレビ（自宅内）,89.6,5:14,4:41,3:28
土曜日,女７０歳以上,テレビ（自宅内）,81.9,5:48,4:45,3:55
土曜日,男１０代,テレビ（自宅外）,10.6,1:08,0:07,0:24
土曜日,男２０代,テレビ（自宅外）,10.8,1:23,0:09,0:36
土曜日,男３０代,テレビ（自宅外）,8.0,2:08,0:10,0:39
土曜日,男４０代,テレビ（自宅外）,11.7,2:26,0:17,1:04
土曜日,男５０代,テレビ（自宅外）,13.4,2:54,0:23,1:13
土曜日,男６０代,テレビ（自宅外）,17.5,2:13,0:23,1:12
土曜日,男７０歳以上,テレビ（自宅外）,18.2,2:42,0:29,1:31
土曜日,女１０代,テレビ（自宅外）,5.3,2:15,0:07,0:37
土曜日,女２０代,テレビ（自宅外）,10.0,0:49,0:05,0:20
土曜日,女３０代,テレビ（自宅外）,13.4,1:44,0:14,0:58
土曜日,女４０代,テレビ（自宅外）,11.2,1:35,0:11,0:44
土曜日,女５０代,テレビ（自宅外）,13.9,3:11,0:27,1:30
土曜日,女６０代,テレビ（自宅外）,11.0,2:39,0:17,1:05
土曜日,女７０歳以上,テレビ（自宅外）,23.5,3:02,0:43,2:04
土曜日,男１０代,テレビ（ながら）,25.9,2:03,0:32,1:35
土曜日,男２０代,テレビ（ながら）,24.1,1:33,0:22,0:50
土曜日,男３０代,テレビ（ながら）,48.0,2:17,1:06,1:44
土曜日,男４０代,テレビ（ながら）,44.4,1:56,0:51,1:31
土曜日,男５０代,テレビ（ながら）,58.5,1:49,1:04,1:23
土曜日,男６０代,テレビ（ながら）,68.1,2:26,1:39,2:15
土曜日,男７０歳以上,テレビ（ながら）,67.9,2:13,1:30,1:45
土曜日,女１０代,テレビ（ながら）,32.6,1:49,0:36,1:34
土曜日,女２０代,テレビ（ながら）,31.3,2:07,0:40,1:21
土曜日,女３０代,テレビ（ながら）,36.1,2:06,0:45,1:21
土曜日,女４０代,テレビ（ながら）,44.1,2:24,1:04,1:45
土曜日,女５０代,テレビ（ながら）,61.2,2:17,1:24,1:57
土曜日,女６０代,テレビ（ながら）,73.1,2:46,2:01,2:09
土曜日,女７０歳以上,テレビ（ながら）,71.5,2:54,2:04,2:15
土曜日,男１０代,テレビ（専　念）,54.1,2:03,1:07,1:34
土曜日,男２０代,テレビ（専　念）,26.5,2:16,0:36,1:20
土曜日,男３０代,テレビ（専　念）,46.0,2:26,1:07,1:44
土曜日,男４０代,テレビ（専　念）,58.6,2:48,1:39,2:13
土曜日,男５０代,テレビ（専　念）,73.2,3:20,2:26,2:34
土曜日,男６０代,テレビ（専　念）,90.4,3:59,3:36,2:58
土曜日,男７０歳以上,テレビ（専　念）,93.8,4:42,4:25,2:45
土曜日,女１０代,テレビ（専　念）,43.2,2:18,1:00,1:35
土曜日,女２０代,テレビ（専　念）,36.3,1:56,0:42,1:20
土曜日,女３０代,テレビ（専　念）,42.9,1:50,0:47,1:26
土曜日,女４０代,テレビ（専　念）,61.2,2:18,1:24,1:45
土曜日,女５０代,テレビ（専　念）,74.6,2:51,2:07,2:09
土曜日,女６０代,テレビ（専　念）,87.9,3:21,2:57,2:18
土曜日,女７０歳以上,テレビ（専　念）,90.0,3:46,3:23,2:47
日曜日,男１０代,睡眠,100.0,9:07,9:07,1:43
日曜日,男２０代,睡眠,100.0,8:35,8:35,1:59
日曜日,男３０代,睡眠,97.0,8:36,8:20,2:24
日曜日,男４０代,睡眠,100.0,8:23,8:23,2:11
日曜日,男５０代,睡眠,99.3,8:00,7:56,1:53
日曜日,男６０代,睡眠,100.0,7:56,7:56,1:40
日曜日,男７０歳以上,睡眠,100.0,8:03,8:03,1:39
日曜日,女１０代,睡眠,100.0,9:06,9:06,1:50
日曜日,女２０代,睡眠,100.0,8:18,8:18,2:04
日曜日,女３０代,睡眠,99.1,8:28,8:24,1:58
日曜日,女４０代,睡眠,97.6,7:57,7:46,1:57
日曜日,女５０代,睡眠,100.0,7:30,7:30,1:30
日曜日,女６０代,睡眠,98.9,7:24,7:19,1:39
日曜日,女７０歳以上,睡眠,98.8,7:48,7:42,2:09
日曜日,男１０代,食事,100.0,1:38,1:38,0:52
日曜日,男２０代,食事,98.8,1:34,1:32,0:53
日曜日,男３０代,食事,96.0,2:03,1:58,1:16
日曜日,男４０代,食事,99.4,1:50,1:49,1:02
日曜日,男５０代,食事,99.3,1:50,1:50,0:50
日曜日,男６０代,食事,100.0,1:55,1:55,0:47
日曜日,男７０歳以上,食事,100.0,1:56,1:56,0:50
日曜日,女１０代,食事,100.0,1:51,1:51,0:47
日曜日,女２０代,食事,97.4,1:49,1:46,0:50
日曜日,女３０代,食事,99.1,1:51,1:50,0:50
日曜日,女４０代,食事,100.0,1:46,1:46,0:44
日曜日,女５０代,食事,99.5,1:49,1:48,0:48
日曜日,女６０代,食事,98.9,1:49,1:48,0:49
日曜日,女７０歳以上,食事,99.6,2:02,2:02,0:46
日曜日,男１０代,身のまわりの用事,97.6,1:03,1:02,0:33
日曜日,男２０代,身のまわりの用事,93.8,1:05,1:01,0:39
日曜日,男３０代,身のまわりの用事,88.9,1:16,1:07,0:45
日曜日,男４０代,身のまわりの用事,93.2,1:09,1:04,0:40
日曜日,男５０代,身のまわりの用事,95.9,1:10,1:07,0:41
日曜日,男６０代,身のまわりの用事,94.6,1:10,1:06,0:47
日曜日,男７０歳以上,身のまわりの用事,94.1,1:13,1:08,0:43
日曜日,女１０代,身のまわりの用事,96.8,1:23,1:21,0:44
日曜日,女２０代,身のまわりの用事,96.1,1:36,1:32,0:56
日曜日,女３０代,身のまわりの用事,99.1,1:33,1:32,0:56
日曜日,女４０代,身のまわりの用事,99.4,1:24,1:24,0:45
日曜日,女５０代,身のまわりの用事,98.0,1:29,1:27,0:56
日曜日,女６０代,身のまわりの用事,96.1,1:23,1:20,1:11
日曜日,女７０歳以上,身のまわりの用事,94.8,1:22,1:18,0:49
日曜日,男１０代,療養・静養,0.0,0:00,0:00,0:00
日曜日,男２０代,療養・静養,1.2,1:15,0:01,0:08
日曜日,男３０代,療養・静養,0.0,0:00,0:00,0:00
日曜日,男４０代,療養・静養,1.2,0:30,0:00,0:03
日曜日,男５０代,療養・静養,2.1,8:20,0:10,1:59
日曜日,男６０代,療養・静養,2.4,1:45,0:03,0:18
日曜日,男７０歳以上,療養・静養,2.9,2:58,0:05,0:46
日曜日,女１０代,療養・静養,2.1,1:15,0:02,0:11
日曜日,女２０代,療養・静養,7.9,0:55,0:04,0:16
日曜日,女３０代,療養・静養,1.7,0:53,0:01,0:07
日曜日,女４０代,療養・静養,1.2,11:30,0:08,1:39
日曜日,女５０代,療養・静養,2.0,0:34,0:01,0:05
日曜日,女６０代,療養・静養,1.1,2:38,0:02,0:18
日曜日,女７０歳以上,療養・静養,3.2,5:58,0:12,1:46
日曜日,男１０代,仕事関連,6.1,6:03,0:22,1:32
日曜日,男２０代,仕事関連,32.1,8:43,2:48,4:32
日曜日,男３０代,仕事関連,24.2,6:42,1:37,3:36
日曜日,男４０代,仕事関連,29.8,6:33,1:57,3:36
日曜日,男５０代,仕事関連,26.0,7:32,1:58,4:00
日曜日,男６０代,仕事関連,16.1,6:29,1:03,2:45
日曜日,男７０歳以上,仕事関連,23.0,5:03,1:10,2:35
日曜日,女１０代,仕事関連,3.2,9:50,0:19,1:44
日曜日,女２０代,仕事関連,31.6,8:04,2:33,4:16
日曜日,女３０代,仕事関連,16.4,5:30,0:54,2:21
日曜日,女４０代,仕事関連,17.6,5:34,0:59,2:27
日曜日,女５０代,仕事関連,23.0,6:08,1:25,3:01
日曜日,女６０代,仕事関連,17.2,5:46,1:00,2:35
日曜日,女７０歳以上,仕事関連,14.5,4:38,0:40,1:53
日曜日,男１０代,仕事,4.9,6:41,0:20,1:30
日曜日,男２０代,仕事,30.9,9:03,2:48,4:32
日曜日,男３０代,仕事,24.2,6:36,1:36,3:33
日曜日,男４０代,仕事,28.6,6:42,1:55,3:35
日曜日,男５０代,仕事,25.3,7:33,1:55,3:58
日曜日,男６０代,仕事,16.1,6:21,1:01,2:44
日曜日,男７０歳以上,仕事,22.5,5:03,1:08,2:32
日曜日,女１０代,仕事,3.2,9:50,0:19,1:44
日曜日,女２０代,仕事,28.9,7:59,2:19,4:06
日曜日,女３０代,仕事,16.4,5:30,0:54,2:21
日曜日,女４０代,仕事,17.1,5:32,0:57,2:25
日曜日,女５０代,仕事,22.5,6:08,1:23,3:00
日曜日,女６０代,仕事,17.2,5:45,0:59,2:34
日曜日,女７０歳以上,仕事,13.7,4:44,0:39,1:52
日曜日,男１０代,仕事のつきあい,1.2,3:30,0:03,0:23
日曜日,男２０代,仕事のつきあい,1.2,0:30,0:00,0:03
日曜日,男３０代,仕事のつきあい,2.0,1:15,0:02,0:11
日曜日,男４０代,仕事のつきあい,1.9,2:05,0:02,0:20
日曜日,男５０代,仕事のつきあい,1.4,3:15,0:03,0:23
日曜日,男６０代,仕事のつきあい,1.2,2:00,0:01,0:13
日曜日,男７０歳以上,仕事のつきあい,2.0,1:15,0:01,0:11
日曜日,女１０代,仕事のつきあい,0.0,0:00,0:00,0:00
日曜日,女２０代,仕事のつきあい,5.3,4:30,0:14,1:24
日曜日,女３０代,仕事のつきあい,0.0,0:00,0:00,0:00
日曜日,女４０代,仕事のつきあい,2.4,1:38,0:02,0:19
日曜日,女５０代,仕事のつきあい,0.5,6:15,0:02,0:26
日曜日,女６０代,仕事のつきあい,0.6,0:30,0:00,0:02
日曜日,女７０歳以上,仕事のつきあい,1.2,2:05,0:02,0:17
日曜日,男１０代,学業,65.9,4:56,3:15,4:02
日曜日,男２０代,学業,16.0,4:50,0:46,2:00
日曜日,男３０代,学業,5.1,2:24,0:07,0:34
日曜日,男４０代,学業,1.2,1:15,0:01,0:08
日曜日,男５０代,学業,1.4,1:15,0:01,0:09
日曜日,男６０代,学業,2.4,0:53,0:01,0:09
日曜日,男７０歳以上,学業,0.0,0:00,0:00,0:00
日曜日,女１０代,学業,70.5,4:41,3:18,3:27
日曜日,女２０代,学業,11.8,3:18,0:23,1:24
日曜日,女３０代,学業,7.8,2:10,0:10,0:39
日曜日,女４０代,学業,7.1,3:03,0:13,1:00
日曜日,女５０代,学業,1.0,4:45,0:03,0:34
日曜日,女６０代,学業,1.1,0:38,0:00,0:05
日曜日,女７０歳以上,学業,2.8,1:19,0:02,0:16
日曜日,男１０代,授業・学内の活動,15.9,5:47,0:55,2:26
日曜日,男２０代,授業・学内の活動,2.5,7:00,0:10,1:06
日曜日,男３０代,授業・学内の活動,4.0,2:30,0:06,0:32
日曜日,男４０代,授業・学内の活動,0.6,1:00,0:00,0:05
日曜日,男５０代,授業・学内の活動,0.7,1:00,0:00,0:05
日曜日,男６０代,授業・学内の活動,0.6,0:30,0:00,0:02
日曜日,男７０歳以上,授業・学内の活動,0.0,0:00,0:00,0:00
日曜日,女１０代,授業・学内の活動,16.8,5:49,0:59,2:22
日曜日,女２０代,授業・学内の活動,3.9,5:05,0:12,1:07
日曜日,女３０代,授業・学内の活動,2.6,2:25,0:04,0:26
日曜日,女４０代,授業・学内の活動,3.5,2:23,0:05,0:33
日曜日,女５０代,授業・学内の活動,0.5,8:00,0:02,0:34
日曜日,女６０代,授業・学内の活動,1.1,0:38,0:00,0:05
日曜日,女７０歳以上,授業・学内の活動,0.8,1:45,0:01,0:10
日曜日,男１０代,学校外の学習,57.3,4:04,2:20,3:28
日曜日,男２０代,学校外の学習,13.6,4:26,0:36,1:43
日曜日,男３０代,学校外の学習,1.0,2:00,0:01,0:12
日曜日,男４０代,学校外の学習,0.6,1:30,0:01,0:07
日曜日,男５０代,学校外の学習,0.7,1:30,0:01,0:07
日曜日,男６０代,学校外の学習,1.8,1:00,0:01,0:09
日曜日,男７０歳以上,学校外の学習,0.0,0:00,0:00,0:00
日曜日,女１０代,学校外の学習,67.4,3:28,2:20,2:48
日曜日,女２０代,学校外の学習,9.2,2:04,0:11,0:39
日曜日,女３０代,学校外の学習,5.2,2:03,0:06,0:29
日曜日,女４０代,学校外の学習,3.5,3:43,0:08,0:50
日曜日,女５０代,学校外の学習,0.5,1:30,0:00,0:06
日曜日,女６０代,学校外の学習,0.0,0:00,0:00,0:00
日曜日,女７０歳以上,学校外の学習,2.0,1:09,0:01,0:13
日曜日,男１０代,家事,23.2,1:54,0:27,1:10
日曜日,男２０代,家事,48.1,2:52,1:23,2:29
日曜日,男３０代,家事,71.7,5:10,3:42,3:50
日曜日,男４０代,家事,71.4,3:39,2:37,2:57
日曜日,男５０代,家事,70.5,3:06,2:11,2:36
日曜日,男６０代,家事,71.4,3:00,2:08,2:20
日曜日,男７０歳以上,家事,66.7,2:37,1:44,2:08
日曜日,女１０代,家事,54.7,2:03,1:08,1:44
日曜日,女２０代,家事,55.3,3:52,2:08,3:26
日曜日,女３０代,家事,89.7,7:21,6:35,5:03
日曜日,女４０代,家事,97.1,6:15,6:04,4:22
日曜日,女５０代,家事,98.5,5:03,4:59,2:49
日曜日,女６０代,家事,97.2,5:40,5:30,3:10
日曜日,女７０歳以上,家事,90.4,4:52,4:24,3:07
日曜日,男１０代,炊事・掃除・洗濯,8.5,0:54,0:05,0:23
日曜日,男２０代,炊事・掃除・洗濯,28.4,1:28,0:25,0:51
日曜日,男３０代,炊事・掃除・洗濯,40.4,1:43,0:42,1:06
日曜日,男４０代,炊事・掃除・洗濯,36.6,1:25,0:31,0:57
日曜日,男５０代,炊事・掃除・洗濯,35.6,1:29,0:32,1:00
日曜日,男６０代,炊事・掃除・洗濯,37.5,1:29,0:33,1:03
日曜日,男７０歳以上,炊事・掃除・洗濯,39.2,1:28,0:34,1:02
日曜日,女１０代,炊事・掃除・洗濯,23.2,0:58,0:13,0:34
日曜日,女２０代,炊事・掃除・洗濯,43.4,1:41,0:44,1:06
日曜日,女３０代,炊事・掃除・洗濯,81.9,2:53,2:22,2:07
日曜日,女４０代,炊事・掃除・洗濯,91.2,2:43,2:29,1:52
日曜日,女５０代,炊事・掃除・洗濯,93.0,3:11,2:58,1:53
日曜日,女６０代,炊事・掃除・洗濯,95.0,3:16,3:06,2:04
日曜日,女７０歳以上,炊事・掃除・洗濯,88.0,2:56,2:35,1:53
日曜日,男１０代,買い物,18.3,1:58,0:22,1:05
日曜日,男２０代,買い物,25.9,2:12,0:34,1:15
日曜日,男３０代,買い物,43.4,2:05,0:54,1:27
日曜日,男４０代,買い物,49.1,1:57,0:57,1:28
日曜日,男５０代,買い物,47.3,1:53,0:53,1:22
日曜日,男６０代,買い物,45.2,1:33,0:42,1:03
日曜日,男７０歳以上,買い物,35.8,1:30,0:32,0:56
日曜日,女１０代,買い物,32.6,1:57,0:38,1:18
日曜日,女２０代,買い物,39.5,1:59,0:47,1:40
日曜日,女３０代,買い物,51.7,1:57,1:00,1:37
日曜日,女４０代,買い物,65.9,1:46,1:10,1:18
日曜日,女５０代,買い物,64.0,1:37,1:02,1:10
日曜日,女６０代,買い物,66.7,1:40,1:07,1:11
日曜日,女７０歳以上,買い物,51.4,1:27,0:45,0:56
日曜日,男１０代,子どもの世話,0.0,0:00,0:00,0:00
日曜日,男２０代,子どもの世話,4.9,5:45,0:17,1:40
日曜日,男３０代,子どもの世話,40.4,4:50,1:57,3:28
日曜日,男４０代,子どもの世話,22.4,4:10,0:56,2:26
日曜日,男５０代,子どもの世話,10.3,1:52,0:12,0:39
日曜日,男６０代,子どもの世話,4.2,3:21,0:08,0:52
日曜日,男７０歳以上,子どもの世話,2.0,6:53,0:08,1:12
日曜日,女１０代,子どもの世話,1.1,6:45,0:04,0:41
日曜日,女２０代,子どもの世話,7.9,8:33,0:40,2:51
日曜日,女３０代,子どもの世話,56.0,7:14,4:03,5:26
日曜日,女４０代,子どもの世話,41.8,5:22,2:14,4:26
日曜日,女５０代,子どもの世話,8.0,1:57,0:09,0:41
日曜日,女６０代,子どもの世話,6.7,4:06,0:16,1:20
日曜日,女７０歳以上,子どもの世話,2.4,2:08,0:03,0:30
日曜日,男１０代,家庭雑事,1.2,0:30,0:00,0:03
日曜日,男２０代,家庭雑事,9.9,2:21,0:14,0:49
日曜日,男３０代,家庭雑事,24.2,1:30,0:22,0:52
日曜日,男４０代,家庭雑事,21.1,1:39,0:21,0:59
日曜日,男５０代,家庭雑事,24.0,2:28,0:35,1:42
日曜日,男６０代,家庭雑事,33.3,2:14,0:45,1:32
日曜日,男７０歳以上,家庭雑事,25.5,1:57,0:30,1:12
日曜日,女１０代,家庭雑事,13.7,1:27,0:12,0:39
日曜日,女２０代,家庭雑事,11.8,1:03,0:08,0:26
日曜日,女３０代,家庭雑事,38.8,1:39,0:38,1:24
日曜日,女４０代,家庭雑事,40.6,2:04,0:50,1:41
日曜日,女５０代,家庭雑事,48.5,1:56,0:56,1:28
日曜日,女６０代,家庭雑事,55.0,2:12,1:13,1:51
日曜日,女７０歳以上,家庭雑事,46.6,2:23,1:07,2:12
日曜日,男１０代,通勤,7.3,0:53,0:04,0:16
日曜日,男２０代,通勤,27.2,1:35,0:26,1:11
日曜日,男３０代,通勤,15.2,1:04,0:10,0:28
日曜日,男４０代,通勤,17.4,1:31,0:16,0:45
日曜日,男５０代,通勤,17.1,1:14,0:13,0:35
日曜日,男６０代,通勤,10.7,1:22,0:09,0:33
日曜日,男７０歳以上,通勤,11.3,1:15,0:08,0:28
日曜日,女１０代,通勤,2.1,1:23,0:02,0:14
日曜日,女２０代,通勤,23.7,1:16,0:18,0:37
日曜日,女３０代,通勤,10.3,1:18,0:08,0:26
日曜日,女４０代,通勤,15.9,1:39,0:16,1:04
日曜日,女５０代,通勤,17.5,1:00,0:10,0:28
日曜日,女６０代,通勤,14.4,0:53,0:08,0:29
日曜日,女７０歳以上,通勤,6.0,1:12,0:04,0:21
日曜日,男１０代,通学,9.8,0:47,0:05,0:16
日曜日,男２０代,通学,2.5,2:45,0:04,0:30
日曜日,男３０代,通学,1.0,0:45,0:00,0:05
日曜日,男４０代,通学,0.6,0:30,0:00,0:02
日曜日,男５０代,通学,1.4,1:23,0:01,0:11
日曜日,男６０代,通学,0.0,0:00,0:00,0:00
日曜日,男７０歳以上,通学,0.0,0:00,0:00,0:00
日曜日,女１０代,通学,9.5,0:40,0:04,0:14
日曜日,女２０代,通学,3.9,1:35,0:04,0:20
日曜日,女３０代,通学,1.7,0:30,0:01,0:04
日曜日,女４０代,通学,1.2,0:38,0:00,0:05
日曜日,女５０代,通学,1.5,1:40,0:02,0:15
日曜日,女６０代,通学,0.6,2:00,0:01,0:09
日曜日,女７０歳以上,通学,0.0,0:00,0:00,0:00
日曜日,男１０代,社会参加,2.4,1:45,0:03,0:20
日曜日,男２０代,社会参加,1.2,5:00,0:04,0:33
日曜日,男３０代,社会参加,6.1,1:35,0:06,0:27
日曜日,男４０代,社会参加,6.8,2:10,0:09,0:54
日曜日,男５０代,社会参加,2.1,3:50,0:05,0:43
日曜日,男６０代,社会参加,10.7,2:29,0:16,0:54
日曜日,男７０歳以上,社会参加,10.8,1:57,0:13,0:50
日曜日,女１０代,社会参加,2.1,6:38,0:08,1:14
日曜日,女２０代,社会参加,3.9,3:00,0:07,0:53
日曜日,女３０代,社会参加,3.4,1:38,0:03,0:19
日曜日,女４０代,社会参加,7.6,2:16,0:10,0:54
日曜日,女５０代,社会参加,12.0,1:53,0:14,0:50
日曜日,女６０代,社会参加,10.6,1:47,0:11,0:41
日曜日,女７０歳以上,社会参加,9.2,1:54,0:11,0:52
日曜日,男１０代,会話・交際,23.2,1:36,0:22,0:55
日曜日,男２０代,会話・交際,14.8,2:09,0:19,1:04
日曜日,男３０代,会話・交際,11.1,2:31,0:17,1:07
日曜日,男４０代,会話・交際,11.2,2:50,0:19,1:10
日曜日,男５０代,会話・交際,7.5,2:19,0:10,0:48
日曜日,男６０代,会話・交際,11.3,2:10,0:15,0:55
日曜日,男７０歳以上,会話・交際,12.7,1:31,0:12,0:37
日曜日,女１０代,会話・交際,25.3,1:29,0:23,0:51
日曜日,女２０代,会話・交際,26.3,2:14,0:35,1:22
日曜日,女３０代,会話・交際,19.8,2:22,0:28,1:28
日曜日,女４０代,会話・交際,21.8,1:26,0:19,1:03
日曜日,女５０代,会話・交際,17.5,1:13,0:13,0:38
日曜日,女６０代,会話・交際,28.3,1:06,0:19,0:49
日曜日,女７０歳以上,会話・交際,24.1,1:27,0:21,0:49
日曜日,男１０代,レジャー活動,86.6,6:06,5:17,4:07
日曜日,男２０代,レジャー活動,87.7,6:13,5:27,4:25
日曜日,男３０代,レジャー活動,78.8,5:58,4:42,4:29
日曜日,男４０代,レジャー活動,83.9,5:15,4:24,3:56
日曜日,男５０代,レジャー活動,73.3,5:15,3:51,3:51
日曜日,男６０代,レジャー活動,70.2,4:33,3:11,3:28
日曜日,男７０歳以上,レジャー活動,66.7,3:25,2:17,2:43
日曜日,女１０代,レジャー活動,80.0,4:54,3:55,3:26
日曜日,女２０代,レジャー活動,92.1,5:05,4:41,3:24
日曜日,女３０代,レジャー活動,81.0,4:27,3:37,3:36
日曜日,女４０代,レジャー活動,69.4,4:00,2:47,3:05
日曜日,女５０代,レジャー活動,75.0,3:30,2:38,2:55
日曜日,女６０代,レジャー活動,60.0,2:47,1:40,2:17
日曜日,女７０歳以上,レジャー活動,49.8,2:22,1:11,1:58
日曜日,男１０代,スポーツ,20.7,3:50,0:48,2:09
日曜日,男２０代,スポーツ,7.4,2:33,0:11,1:02
日曜日,男３０代,スポーツ,13.1,1:32,0:12,0:35
日曜日,男４０代,スポーツ,9.3,2:50,0:16,1:01
日曜日,男５０代,スポーツ,15.1,2:08,0:19,1:06
日曜日,男６０代,スポーツ,13.1,2:23,0:19,1:10
日曜日,男７０歳以上,スポーツ,19.6,1:50,0:22,1:13
日曜日,女１０代,スポーツ,7.4,4:04,0:18,1:11
日曜日,女２０代,スポーツ,6.6,1:12,0:05,0:20
日曜日,女３０代,スポーツ,4.3,1:27,0:04,0:22
日曜日,女４０代,スポーツ,8.8,1:30,0:08,0:32
日曜日,女５０代,スポーツ,9.5,1:27,0:08,0:31
日曜日,女６０代,スポーツ,10.6,1:27,0:09,0:41
日曜日,女７０歳以上,スポーツ,12.9,1:20,0:10,0:36
日曜日,男１０代,行楽・散策,15.9,3:58,0:38,2:30
日曜日,男２０代,行楽・散策,21.0,2:56,0:37,1:46
日曜日,男３０代,行楽・散策,27.3,3:33,0:58,2:12
日曜日,男４０代,行楽・散策,22.4,3:46,0:50,2:13
日曜日,男５０代,行楽・散策,26.7,2:58,0:48,1:58
日曜日,男６０代,行楽・散策,26.2,2:42,0:43,1:55
日曜日,男７０歳以上,行楽・散策,35.8,2:17,0:49,1:50
日曜日,女１０代,行楽・散策,14.7,3:55,0:35,1:52
日曜日,女２０代,行楽・散策,22.4,4:11,0:56,2:27
日曜日,女３０代,行楽・散策,28.4,4:09,1:11,2:37
日曜日,女４０代,行楽・散策,20.6,4:08,0:51,2:06
日曜日,女５０代,行楽・散策,21.5,3:20,0:43,1:57
日曜日,女６０代,行楽・散策,21.1,2:45,0:35,1:37
日曜日,女７０歳以上,行楽・散策,22.1,2:02,0:27,1:31
日曜日,男１０代,趣味・娯楽・教養（インターネット除く）,37.8,4:02,1:32,2:43
日曜日,男２０代,趣味・娯楽・教養（インターネット除く）,34.6,4:33,1:34,2:45
日曜日,男３０代,趣味・娯楽・教養（インターネット除く）,28.3,5:09,1:27,3:07
日曜日,男４０代,趣味・娯楽・教養（インターネット除く）,30.4,3:26,1:03,2:14
日曜日,男５０代,趣味・娯楽・教養（インターネット除く）,23.3,4:26,1:02,2:22
日曜日,男６０代,趣味・娯楽・教養（インターネット除く）,26.8,3:44,1:00,2:14
日曜日,男７０歳以上,趣味・娯楽・教養（インターネット除く）,25.5,2:46,0:42,1:45
日曜日,女１０代,趣味・娯楽・教養（インターネット除く）,28.4,3:46,1:04,2:18
日曜日,女２０代,趣味・娯楽・教養（インターネット除く）,35.5,3:29,1:14,2:12
日曜日,女３０代,趣味・娯楽・教養（インターネット除く）,22.4,4:09,0:56,2:07
日曜日,女４０代,趣味・娯楽・教養（インターネット除く）,20.0,3:24,0:41,1:49
日曜日,女５０代,趣味・娯楽・教養（インターネット除く）,22.0,3:18,0:44,1:46
日曜日,女６０代,趣味・娯楽・教養（インターネット除く）,21.1,2:01,0:26,1:02
日曜日,女７０歳以上,趣味・娯楽・教養（インターネット除く）,16.5,1:55,0:19,0:52
日曜日,男１０代,趣味・娯楽・教養のインターネット（動画除く）,50.0,3:14,1:37,2:26
日曜日,男２０代,趣味・娯楽・教養のインターネット（動画除く）,49.4,4:03,2:00,3:18
日曜日,男３０代,趣味・娯楽・教養のインターネット（動画除く）,50.5,3:09,1:35,2:28
日曜日,男４０代,趣味・娯楽・教養のインターネット（動画除く）,48.4,3:02,1:28,2:21
日曜日,男５０代,趣味・娯楽・教養のインターネット（動画除く）,36.3,2:53,1:03,2:25
日曜日,男６０代,趣味・娯楽・教養のインターネット（動画除く）,36.9,2:36,0:58,1:45
日曜日,男７０歳以上,趣味・娯楽・教養のインターネット（動画除く）,17.6,1:49,0:19,0:58
日曜日,女１０代,趣味・娯楽・教養のインターネット（動画除く）,48.4,2:57,1:26,2:29
日曜日,女２０代,趣味・娯楽・教養のインターネット（動画除く）,69.7,2:29,1:44,2:06
日曜日,女３０代,趣味・娯楽・教養のインターネット（動画除く）,48.3,2:10,1:03,1:45
日曜日,女４０代,趣味・娯楽・教養のインターネット（動画除く）,43.5,1:56,0:50,1:28
日曜日,女５０代,趣味・娯楽・教養のインターネット（動画除く）,45.5,1:48,0:49,1:21
日曜日,女６０代,趣味・娯楽・教養のインターネット（動画除く）,30.0,1:16,0:23,0:44
日曜日,女７０歳以上,趣味・娯楽・教養のインターネット（動画除く）,9.2,1:53,0:10,0:40
日曜日,男１０代,インターネット動画,41.5,2:17,0:57,1:39
日曜日,男２０代,インターネット動画,48.1,3:12,1:32,2:25
日曜日,男３０代,インターネット動画,34.3,3:06,1:04,2:00
日曜日,男４０代,インターネット動画,28.6,3:12,0:55,1:56
日曜日,男５０代,インターネット動画,26.7,3:18,0:53,1:58
日曜日,男６０代,インターネット動画,11.9,2:22,0:17,1:00
日曜日,男７０歳以上,インターネット動画,7.4,1:40,0:07,0:36
日曜日,女１０代,インターネット動画,40.0,2:49,1:08,2:17
日曜日,女２０代,インターネット動画,40.8,2:08,0:52,1:36
日曜日,女３０代,インターネット動画,27.6,2:16,0:38,1:17
日曜日,女４０代,インターネット動画,20.0,1:43,0:21,0:57
日曜日,女５０代,インターネット動画,16.5,1:57,0:19,0:58
日曜日,女６０代,インターネット動画,11.7,1:24,0:10,0:36
日曜日,女７０歳以上,インターネット動画,4.0,1:38,0:04,0:23
日曜日,男１０代,マスメディア接触,72.0,3:04,2:13,2:25
日曜日,男２０代,マスメディア接触,58.0,3:03,1:46,2:18
日曜日,男３０代,マスメディア接触,79.8,4:04,3:15,3:18
日曜日,男４０代,マスメディア接触,84.5,4:36,3:53,3:31
日曜日,男５０代,マスメディア接触,89.7,5:40,5:05,3:54
日曜日,男６０代,マスメディア接触,95.2,7:12,6:51,3:41
日曜日,男７０歳以上,マスメディア接触,99.0,7:40,7:36,3:49
日曜日,女１０代,マスメディア接触,76.8,3:30,2:42,3:04
日曜日,女２０代,マスメディア接触,65.8,3:32,2:19,2:23
日曜日,女３０代,マスメディア接触,69.8,3:08,2:11,2:28
日曜日,女４０代,マスメディア接触,83.5,4:02,3:22,3:12
日曜日,女５０代,マスメディア接触,95.0,5:19,5:03,3:26
日曜日,女６０代,マスメディア接触,97.2,6:18,6:08,3:44
日曜日,女７０歳以上,マスメディア接触,96.4,7:13,6:57,3:54
日曜日,男１０代,テレビ,59.8,2:13,1:20,1:34
日曜日,男２０代,テレビ,42.0,2:27,1:02,1:53
日曜日,男３０代,テレビ,64.6,3:27,2:14,2:41
日曜日,男４０代,テレビ,77.6,3:48,2:57,3:08
日曜日,男５０代,テレビ,80.1,4:44,3:48,3:16
日曜日,男６０代,テレビ,90.5,6:09,5:34,3:48
日曜日,男７０歳以上,テレビ,97.5,6:11,6:02,3:41
日曜日,女１０代,テレビ,60.0,2:32,1:31,2:06
日曜日,女２０代,テレビ,46.1,2:50,1:18,1:56
日曜日,女３０代,テレビ,54.3,2:57,1:36,2:19
日曜日,女４０代,テレビ,69.4,3:17,2:17,2:42
日曜日,女５０代,テレビ,88.5,4:14,3:45,3:06
日曜日,女６０代,テレビ,94.4,5:01,4:45,3:21
日曜日,女７０歳以上,テレビ,93.2,5:49,5:25,3:43
日曜日,男１０代,録画番組・ＤＶＤ,14.6,1:56,0:17,0:45
日曜日,男２０代,録画番組・ＤＶＤ,9.9,1:47,0:11,0:33
日曜日,男３０代,録画番組・ＤＶＤ,24.2,2:28,0:36,1:25
日曜日,男４０代,録画番組・ＤＶＤ,24.8,2:20,0:35,1:17
日曜日,男５０代,録画番組・ＤＶＤ,24.7,3:01,0:45,1:44
日曜日,男６０代,録画番組・ＤＶＤ,24.4,2:45,0:40,1:32
日曜日,男７０歳以上,録画番組・ＤＶＤ,13.2,2:13,0:18,0:53
日曜日,女１０代,録画番組・ＤＶＤ,20.0,2:56,0:35,1:40
日曜日,女２０代,録画番組・ＤＶＤ,23.7,1:59,0:28,1:01
日曜日,女３０代,録画番組・ＤＶＤ,22.4,1:45,0:24,0:49
日曜日,女４０代,録画番組・ＤＶＤ,25.9,2:12,0:34,1:16
日曜日,女５０代,録画番組・ＤＶＤ,34.0,2:12,0:45,1:32
日曜日,女６０代,録画番組・ＤＶＤ,27.2,2:07,0:35,1:15
日曜日,女７０歳以上,録画番組・ＤＶＤ,16.1,2:12,0:21,1:05
日曜日,男１０代,ラジオ,2.4,6:38,0:10,1:16
日曜日,男２０代,ラジオ,6.2,1:54,0:07,0:31
日曜日,男３０代,ラジオ,2.0,1:15,0:02,0:12
日曜日,男４０代,ラジオ,3.1,2:54,0:05,0:38
日曜日,男５０代,ラジオ,8.2,2:41,0:13,1:01
日曜日,男６０代,ラジオ,11.3,2:20,0:16,1:11
日曜日,男７０歳以上,ラジオ,20.1,2:34,0:31,1:25
日曜日,女１０代,ラジオ,1.1,0:30,0:00,0:03
日曜日,女２０代,ラジオ,2.6,1:30,0:02,0:15
日曜日,女３０代,ラジオ,1.7,1:08,0:01,0:09
日曜日,女４０代,ラジオ,4.7,2:15,0:06,0:32
日曜日,女５０代,ラジオ,5.5,2:11,0:07,0:35
日曜日,女６０代,ラジオ,10.6,2:56,0:19,1:13
日曜日,女７０歳以上,ラジオ,16.9,3:21,0:34,1:56
日曜日,男１０代,新聞,3.7,0:55,0:02,0:14
日曜日,男２０代,新聞,1.2,0:30,0:00,0:03
日曜日,男３０代,新聞,3.0,1:10,0:02,0:12
日曜日,男４０代,新聞,11.8,0:32,0:04,0:14
日曜日,男５０代,新聞,21.2,0:52,0:11,0:47
日曜日,男６０代,新聞,42.3,0:43,0:18,0:30
日曜日,男７０歳以上,新聞,63.7,1:07,0:43,0:53
日曜日,女１０代,新聞,1.1,0:15,0:00,0:02
日曜日,女２０代,新聞,1.3,0:30,0:00,0:03
日曜日,女３０代,新聞,0.9,0:15,0:00,0:01
日曜日,女４０代,新聞,12.9,0:27,0:03,0:10
日曜日,女５０代,新聞,26.0,0:36,0:09,0:19
日曜日,女６０代,新聞,36.1,0:36,0:13,0:21
日曜日,女７０歳以上,新聞,52.6,0:59,0:31,0:42
日曜日,男１０代,雑誌・マンガ・本,14.6,1:30,0:13,0:42
日曜日,男２０代,雑誌・マンガ・本,17.3,1:30,0:16,0:41
日曜日,男３０代,雑誌・マンガ・本,14.1,2:35,0:22,1:07
日曜日,男４０代,雑誌・マンガ・本,12.4,1:57,0:15,0:45
日曜日,男５０代,雑誌・マンガ・本,13.0,1:37,0:13,0:52
日曜日,男６０代,雑誌・マンガ・本,15.5,1:27,0:13,0:38
日曜日,男７０歳以上,雑誌・マンガ・本,17.2,1:49,0:19,0:50
日曜日,女１０代,雑誌・マンガ・本,15.8,1:59,0:19,0:58
日曜日,女２０代,雑誌・マンガ・本,10.5,1:26,0:09,0:33
日曜日,女３０代,雑誌・マンガ・本,6.9,0:51,0:03,0:14
日曜日,女４０代,雑誌・マンガ・本,15.9,1:54,0:18,0:53
日曜日,女５０代,雑誌・マンガ・本,18.5,1:19,0:15,0:38
日曜日,女６０代,雑誌・マンガ・本,22.2,1:31,0:20,0:49
日曜日,女７０歳以上,雑誌・マンガ・本,18.1,1:24,0:15,0:44
日曜日,男１０代,音楽,15.9,1:18,0:12,0:37
日曜日,男２０代,音楽,9.9,2:39,0:16,0:58
日曜日,男３０代,音楽,8.1,2:02,0:10,0:47
日曜日,男４０代,音楽,6.8,1:27,0:06,0:26
日曜日,男５０代,音楽,8.2,1:48,0:09,0:42
日曜日,男６０代,音楽,9.5,1:06,0:06,0:25
日曜日,男７０歳以上,音楽,3.4,1:45,0:04,0:22
日曜日,女１０代,音楽,21.1,2:05,0:26,1:15
日曜日,女２０代,音楽,18.4,2:23,0:26,1:11
日曜日,女３０代,音楽,10.3,1:24,0:09,0:28
日曜日,女４０代,音楽,7.1,1:01,0:04,0:18
日曜日,女５０代,音楽,9.0,2:13,0:12,0:44
日曜日,女６０代,音楽,8.9,1:23,0:07,0:31
日曜日,女７０歳以上,音楽,8.0,1:34,0:08,0:33
日曜日,男１０代,休息,34.1,1:23,0:28,0:55
日曜日,男２０代,休息,33.3,1:41,0:34,1:22
日曜日,男３０代,休息,29.3,1:53,0:33,1:27
日曜日,男４０代,休息,28.6,1:23,0:24,0:55
日曜日,男５０代,休息,26.0,1:28,0:23,0:55
日曜日,男６０代,休息,34.5,1:16,0:26,0:51
日曜日,男７０歳以上,休息,40.2,1:24,0:34,1:04
日曜日,女１０代,休息,33.7,1:28,0:30,1:02
日曜日,女２０代,休息,23.7,1:37,0:23,0:58
日曜日,女３０代,休息,32.8,1:20,0:26,0:49
日曜日,女４０代,休息,35.9,1:00,0:22,0:35
日曜日,女５０代,休息,43.0,0:58,0:25,0:41
日曜日,女６０代,休息,42.2,1:14,0:31,1:04
日曜日,女７０歳以上,休息,48.6,1:39,0:48,1:47
日曜日,男１０代,その他・不明,35.4,1:13,0:26,0:52
日曜日,男２０代,その他・不明,23.5,1:36,0:22,0:58
日曜日,男３０代,その他・不明,23.2,1:02,0:14,0:42
日曜日,男４０代,その他・不明,28.6,1:29,0:25,0:58
日曜日,男５０代,その他・不明,35.6,1:53,0:40,1:17
日曜日,男６０代,その他・不明,33.3,1:39,0:33,1:05
日曜日,男７０歳以上,その他・不明,44.6,1:43,0:46,1:20
日曜日,女１０代,その他・不明,31.6,2:00,0:38,1:19
日曜日,女２０代,その他・不明,35.5,1:48,0:38,1:22
日曜日,女３０代,その他・不明,31.0,1:30,0:28,1:00
日曜日,女４０代,その他・不明,39.4,1:44,0:41,1:27
日曜日,女５０代,その他・不明,37.0,1:26,0:32,1:02
日曜日,女６０代,その他・不明,36.7,1:35,0:35,1:04
日曜日,女７０歳以上,その他・不明,49.8,1:55,0:57,1:30
日曜日,男１０代,必需行動,100.0,11:45,11:45,2:09
日曜日,男２０代,必需行動,100.0,11:08,11:08,2:21
日曜日,男３０代,必需行動,99.0,11:32,11:25,2:48
日曜日,男４０代,必需行動,100.0,11:16,11:16,2:19
日曜日,男５０代,必需行動,100.0,11:01,11:01,2:25
日曜日,男６０代,必需行動,100.0,10:59,10:59,2:00
日曜日,男７０歳以上,必需行動,100.0,11:10,11:10,2:09
日曜日,女１０代,必需行動,100.0,12:19,12:19,2:10
日曜日,女２０代,必需行動,100.0,11:38,11:38,2:36
日曜日,女３０代,必需行動,100.0,11:44,11:44,2:05
日曜日,女４０代,必需行動,100.0,11:01,11:01,2:17
日曜日,女５０代,必需行動,100.0,10:44,10:44,1:55
日曜日,女６０代,必需行動,100.0,10:27,10:27,2:16
日曜日,女７０歳以上,必需行動,100.0,11:10,11:10,2:42
日曜日,男１０代,拘束行動,74.4,5:40,4:13,4:10
日曜日,男２０代,拘束行動,79.0,6:52,5:26,4:54
日曜日,男３０代,拘束行動,83.8,6:20,5:18,4:26
日曜日,男４０代,拘束行動,89.4,5:25,4:50,3:51
日曜日,男５０代,拘束行動,83.6,5:16,4:24,4:17
日曜日,男６０代,拘束行動,81.0,4:23,3:33,3:17
日曜日,男７０歳以上,拘束行動,80.9,3:53,3:08,3:07
日曜日,女１０代,拘束行動,91.6,5:23,4:56,3:53
日曜日,女２０代,拘束行動,86.8,6:14,5:24,4:39
日曜日,女３０代,拘束行動,96.6,7:08,6:54,3:55
日曜日,女４０代,拘束行動,98.2,7:22,7:14,4:03
日曜日,女５０代,拘束行動,99.0,6:37,6:33,3:21
日曜日,女６０代,拘束行動,97.2,6:38,6:27,3:24
日曜日,女７０歳以上,拘束行動,91.6,5:28,5:00,3:14
日曜日,男１０代,自由行動,96.3,7:53,7:36,3:51
日曜日,男２０代,自由行動,93.8,7:32,7:04,4:13
日曜日,男３０代,自由行動,92.9,7:35,7:02,4:46
日曜日,男４０代,自由行動,95.0,7:52,7:29,4:01
日曜日,男５０代,自由行動,95.9,8:15,7:54,4:06
日曜日,男６０代,自由行動,98.8,9:02,8:56,3:34
日曜日,男７０歳以上,自由行動,99.0,9:01,8:56,3:30
日曜日,女１０代,自由行動,100.0,6:08,6:08,3:20
日曜日,女２０代,自由行動,93.4,6:46,6:19,3:51
日曜日,女３０代,自由行動,92.2,5:20,4:55,3:47
日曜日,女４０代,自由行動,91.2,5:33,5:04,3:23
日曜日,女５０代,自由行動,98.0,6:19,6:11,3:14
日曜日,女６０代,自由行動,99.4,6:34,6:31,3:16
日曜日,女７０歳以上,自由行動,98.4,6:59,6:52,3:19
日曜日,男１０代,在宅,93.9,18:24,17:16,6:22
日曜日,男２０代,在宅,92.6,15:59,14:48,7:02
日曜日,男３０代,在宅,88.9,17:41,15:43,7:11
日曜日,男４０代,在宅,91.9,17:34,16:09,6:55
日曜日,男５０代,在宅,91.8,17:15,15:50,7:08
日曜日,男６０代,在宅,98.2,18:30,18:10,5:28
日曜日,男７０歳以上,在宅,93.6,19:20,18:06,6:47
日曜日,女１０代,在宅,92.6,18:17,16:57,7:09
日曜日,女２０代,在宅,93.4,16:16,15:12,6:38
日曜日,女３０代,在宅,94.0,17:31,16:27,6:42
日曜日,女４０代,在宅,95.9,18:16,17:30,5:44
日曜日,女５０代,在宅,95.0,18:38,17:42,6:07
日曜日,女６０代,在宅,96.7,19:20,18:41,6:01
日曜日,女７０歳以上,在宅,93.2,20:01,18:39,6:53
日曜日,男１０代,起床在宅,93.9,9:25,8:50,4:30
日曜日,男２０代,起床在宅,92.6,8:21,7:44,4:58
日曜日,男３０代,起床在宅,87.9,9:50,8:39,5:24
日曜日,男４０代,起床在宅,89.4,9:52,8:49,5:01
日曜日,男５０代,起床在宅,90.4,9:55,8:58,5:08
日曜日,男６０代,起床在宅,97.6,10:53,10:37,4:35
日曜日,男７０歳以上,起床在宅,92.2,11:56,11:00,4:56
日曜日,女１０代,起床在宅,91.6,9:44,8:54,4:35
日曜日,女２０代,起床在宅,89.5,8:32,7:38,4:56
日曜日,女３０代,起床在宅,91.4,9:56,9:04,4:46
日曜日,女４０代,起床在宅,94.7,10:51,10:17,4:30
日曜日,女５０代,起床在宅,94.0,11:28,10:46,4:37
日曜日,女６０代,起床在宅,96.7,12:21,11:56,4:33
日曜日,女７０歳以上,起床在宅,92.4,12:46,11:48,5:05
日曜日,男１０代,テレビ（自宅内）,53.7,2:10,1:10,1:29
日曜日,男２０代,テレビ（自宅内）,37.0,2:17,0:51,1:37
日曜日,男３０代,テレビ（自宅内）,58.6,3:18,1:56,2:34
日曜日,男４０代,テレビ（自宅内）,69.6,3:50,2:40,3:10
日曜日,男５０代,テレビ（自宅内）,69.9,4:42,3:17,3:17
日曜日,男６０代,テレビ（自宅内）,85.1,6:00,5:06,3:55
日曜日,男７０歳以上,テレビ（自宅内）,88.2,5:56,5:14,3:56
日曜日,女１０代,テレビ（自宅内）,51.6,2:36,1:21,2:04
日曜日,女２０代,テレビ（自宅内）,39.5,2:40,1:03,1:39
日曜日,女３０代,テレビ（自宅内）,50.0,2:48,1:24,2:13
日曜日,女４０代,テレビ（自宅内）,64.7,3:13,2:05,2:34
日曜日,女５０代,テレビ（自宅内）,82.0,4:03,3:19,2:54
日曜日,女６０代,テレビ（自宅内）,87.2,5:00,4:21,3:29
日曜日,女７０歳以上,テレビ（自宅内）,82.7,5:38,4:40,3:47
日曜日,男１０代,テレビ（自宅外）,9.8,1:43,0:10,0:46
日曜日,男２０代,テレビ（自宅外）,8.6,2:11,0:11,0:46
日曜日,男３０代,テレビ（自宅外）,9.1,3:17,0:18,1:09
日曜日,男４０代,テレビ（自宅外）,13.7,2:06,0:17,0:56
日曜日,男５０代,テレビ（自宅外）,16.4,3:08,0:31,1:27
日曜日,男６０代,テレビ（自宅外）,11.9,3:49,0:27,1:36
日曜日,男７０歳以上,テレビ（自宅外）,20.6,3:49,0:47,2:08
日曜日,女１０代,テレビ（自宅外）,10.5,1:41,0:11,0:38
日曜日,女２０代,テレビ（自宅外）,10.5,2:23,0:15,1:01
日曜日,女３０代,テレビ（自宅外）,8.6,2:23,0:12,0:55
日曜日,女４０代,テレビ（自宅外）,9.4,2:01,0:11,0:48
日曜日,女５０代,テレビ（自宅外）,14.0,3:03,0:26,1:30
日曜日,女６０代,テレビ（自宅外）,12.8,3:03,0:23,1:17
日曜日,女７０歳以上,テレビ（自宅外）,21.3,3:31,0:45,2:10
日曜日,男１０代,テレビ（ながら）,24.4,1:18,0:19,0:49
日曜日,男２０代,テレビ（ながら）,24.7,1:22,0:20,0:46
日曜日,男３０代,テレビ（ながら）,37.4,2:51,1:04,2:01
日曜日,男４０代,テレビ（ながら）,47.8,1:59,0:57,1:48
日曜日,男５０代,テレビ（ながら）,52.1,1:51,0:58,1:26
日曜日,男６０代,テレビ（ながら）,66.7,2:16,1:31,1:54
日曜日,男７０歳以上,テレビ（ながら）,68.6,2:05,1:26,1:42
日曜日,女１０代,テレビ（ながら）,28.4,1:51,0:32,1:15
日曜日,女２０代,テレビ（ながら）,31.6,2:04,0:39,1:16
日曜日,女３０代,テレビ（ながら）,31.0,2:31,0:47,1:38
日曜日,女４０代,テレビ（ながら）,43.5,2:15,0:59,1:35
日曜日,女５０代,テレビ（ながら）,61.5,2:26,1:30,1:59
日曜日,女６０代,テレビ（ながら）,68.9,2:35,1:47,2:03
日曜日,女７０歳以上,テレビ（ながら）,71.1,2:48,1:59,2:14
日曜日,男１０代,テレビ（専　念）,54.9,1:51,1:01,1:19
日曜日,男２０代,テレビ（専　念）,28.4,2:27,0:42,1:27
日曜日,男３０代,テレビ（専　念）,47.5,2:27,1:10,1:47
日曜日,男４０代,テレビ（専　念）,64.6,3:07,2:01,2:38
日曜日,男５０代,テレビ（専　念）,76.0,3:43,2:50,2:42
日曜日,男６０代,テレビ（専　念）,87.5,4:37,4:03,3:10
日曜日,男７０歳以上,テレビ（専　念）,94.1,4:53,4:36,3:13
日曜日,女１０代,テレビ（専　念）,53.7,1:51,1:00,1:18
日曜日,女２０代,テレビ（専　念）,36.8,1:46,0:39,1:20
日曜日,女３０代,テレビ（専　念）,44.8,1:50,0:49,1:25
日曜日,女４０代,テレビ（専　念）,60.0,2:09,1:18,1:42
日曜日,女５０代,テレビ（専　念）,81.5,2:45,2:15,2:10
日曜日,女６０代,テレビ（専　念）,89.4,3:19,2:58,2:33
日曜日,女７０歳以上,テレビ（専　念）,89.2,3:50,3:25,2:46